sa2_name,lat,lon
Victor Harbor,-35.5545579,138.6234743
Beechboro,-31.8695832,115.9374824
The Vines,-31.75683,116.0034
Picton - Tahmoor - Buxton,-33.3415555,115.7027399
Caboolture - South,-27.093826,152.9502117
Rosebud - McCrae,-38.3687638,144.924944
Flagstone (West) - New Beith,-27.8160216,152.9652865
Jimboomba - Glenlogan,-27.8278309,153.0113903
Boronia Heights - Park Ridge,-27.6943327,153.0272884
Beaudesert,-27.9885617,152.9961186
Mandurah - North,-32.5150958,115.7409691
Casuarina - Wandi,-12.3737641,130.8823639
Beaconsfield - Officer,-38.0230119,145.411509
Koo Wee Rup,-38.1990553,145.492854
Pakenham - North West,-38.0806283,145.4863217
Port Macquarie - West,-31.4299499,152.9103525
Wellard (West) - Bertram,-32.2639959,115.8170976
Gawler - South,-34.6113607,138.7498301
Virginia - Waterloo Corner,-34.666952,138.560977
Greenvale - Bulla,-37.6377329,144.8810975
Wonthaggi - Inverloch,-38.6303597,145.6502622
Bargara - Burnett Heads,-24.8154799,152.4630414
Sunbury - South,-32.7077041,147.594012
Heidelberg West,-37.7382431,145.0433922
Urangan - Wondunna,-25.287209,152.8981059
Mount Barker,-35.0641302,138.8586385
Sunbury,-37.5796938,144.7295281
Morisset - Cooranbong,-33.0841249,151.4585047
Pialba - Eli Waters,-25.2841693,152.8030564
Booral - River Heads,-25.353777,152.8901442
Byford,-32.2160061,116.01467
Dawesville - Bouvard,-32.6342692,115.638048
Portarlington,-38.1156562,144.6530634
Armadale - Wungong - Brookdale,-32.1733554,116.0082055
Yanchep,-31.54847,115.6373417
Baldivis - North,-32.3299121,115.8218124
Albion Park - Macquarie Pass,-34.5708425,150.7752326
Baldivis - South,-32.3595563,115.7990826
Charlemont,-38.20975,144.3686705
Delacombe,-37.584019,143.8172128
Cessnock,-32.8316667,151.3511111
Cobblebank - Strathtulloh,-37.7063004,144.6025657
Leppington - Catherine Field,-33.9650028,150.8011028
Wollert,-37.5939889,145.0337333
Busselton - West,-33.6513267,115.3427845
Collingwood Park - Redbank,-27.6048928,152.8718625
Mickleham - Yuroke,-37.6020865,144.8827422
Bass Hill - Georges Hall,-33.8986251,150.9974484
Horsley - Kembla Grange,-34.49,150.7761111
Banjup,-32.1565753,115.8878241
Wallan,-37.4168041,145.0052646
Piara Waters - Forrestdale,-32.1251145,115.9178022
Lockyer Valley - East,-27.680931,152.199498
Warragul,-38.1588674,145.933629
Grovedale - Mount Duneed,-38.2021549,144.3312609
Rockbank - Mount Cottrell,-37.7312767,144.6607316
Manor Lakes - Quandong,-37.8686285,144.5950127
Oran Park,-33.9948805,150.7402568
Burpengary,-27.1548645,152.9708226
Werribee - West,-31.7763065,116.361842
Yarrabilba,-27.8030098,153.1081584
Maclean - Yamba - Iluka,-29.4566667,153.2011111
Greenbank - North Maclean,-27.76144,152.996407
Goolwa - Port Elliot,-35.5087114,138.7428321
Wyndham Vale - North,-37.8722432,144.6084185
Mango Hill,-27.2394237,153.0346031
Warrnambool - North,-33.8523849,151.2472022
Wolffdene - Bahrs Scrub,-27.7826428,153.1726303
Warnervale - Wadalba,-33.2483333,151.4311111
Brabham - Henley Brook,-31.8283583,115.9764153
Douglas Park - Appin,-34.19,150.7011111
Narangba,-27.2027145,152.9592212
Riverstone,-33.6797545,150.8616695
Morayfield,-27.1102549,152.948924
Deception Bay,-27.1931635,153.0274736
Kingswood - Werrington,-33.7579649,150.7392893
Maroochydore - Kuluin,-26.6603562,153.0678969
Landsborough,-26.809659,152.9907408
Albury - East,-36.079176,146.92919
Munno Para West - Angle Vale,-34.6572412,138.6697638
Whittlesea,-37.5121301,145.1177321
Lara,-38.0235346,144.4088294
Two Rocks,-31.4955286,115.5868108
Williamtown - Medowie - Karuah,-32.815,151.8427778
Thornton - Millers Forest,-37.272738,145.8154196
Melton South - Weir Views,-37.7214595,144.5702513
White Hills - Ascot,-36.7275425,144.3028267
Branxton - Greta - Pokolbin,-32.6622131,151.3456985
Austral - Greendale,-33.9282672,150.8082824
Henley Beach,-34.9158802,138.4986953
Caboolture - West,-27.0839336,152.9510863
Drouin,-38.1361683,145.8564344
Baranduda - Leneva,-36.2354095,146.9038324
Rutherford (North) - Aberglasslyn,-32.7130291,151.525869
Alkimos - Eglinton,-31.6154224,115.6926511
Barwon Heads - Armstrong Creek,-38.2428138,144.383003
Plympton,-34.9620679,138.554884
Edgeworth - Cameron Park,-32.9197222,151.6311111
Rosewood,-35.6723934,147.8637459
Laurieton - Bonny Hills,-31.6508445,152.7959233
Berwick - South East,-38.0398297,145.3451089
Bohle Plains,-19.288899,146.6739271
Toowoomba - West,-27.6030794,151.9303591
Rostrevor - Magill,-34.8938435,138.6918266
Wangaratta,-36.356434,146.3228311
Chambers Flat - Logan Reserve,-27.7093986,153.0936781
Cleveland,-27.5262987,153.2667298
Ripley,-27.6712978,152.7804522
Caloundra West - Baringa,-26.8051945,153.100046
Aldinga,-35.2673234,138.4831296
Cranbourne,-38.0997308,145.2807256
Fraser Rise - Plumpton,-37.7059863,144.7174013
Cranbourne South,-38.1577683,145.2624214
Kurri Kurri - Abermain,-32.8175039,151.4833649
Tarneit (West) - Mount Cottrell,-37.8321522,144.69462
Cranbourne East - South,-38.1382199,145.3073482
Gisborne,-37.486723,144.5904237
Rutherford (South) - Telarah,-32.7130291,151.525869
Diggers Rest,-37.6275995,144.7200075
Windsor Gardens,-34.8655403,138.6543408
Redbank Plains,-27.6513182,152.8479458
Redland Bay,-27.6126945,153.3036238
Marsden Park - Shanes Park,-33.6956552,150.8147975
Cranbourne West,-38.102241,145.2517182
Huntingdale - Southern River,-37.9107647,145.1020573
Paradise - Newton,-34.8710706,138.6762598
Kilmore - Broadford,-37.2152885,145.0284525
Mindarie - Quinns Rocks - Jindalee,-31.6897332,115.7091824
Griffith (NSW),-34.2873127,146.0430799
Singleton - Golden Bay - Secret Harbour,-32.602355,151.1132887
Braybrook,-37.7867076,144.8548451
Altona North,-37.8378229,144.8342853
Strathalbyn,-35.2576239,138.8956803
Chester Hill - Sefton,-33.8834343,151.0041547
Clyde North - North,-39.0335341,177.4215563
Bacchus Marsh,-37.6751897,144.4366202
Hazelmere - Guildford,-31.9109095,116.0030678
The Entrance,-33.3440586,151.4960171
Yarrawonga,-36.0141692,146.0063494
Doncaster,-37.7848299,145.1238431
Torquay - Scarness - Kawungan,-38.3266551,144.3134076
Truganina - North,-37.8089015,144.721139
Mount Waverley - South,-33.8973497,151.2549722
Clyde North - South,-33.732782,151.108066
Enfield - Blair Athol,-34.8695242,138.5997114
Pinjarra,-32.6318966,115.869247
Gawler - North,-34.622682,138.7378403
Woodford - D`Aguilar,-26.9632249,152.7806176
Tarneit - North,-37.8322388,144.6985802
Oakleigh - Huntingdale,-37.9103749,145.1034302
Lilydale - Coldstream,-37.7322072,145.3401958
Richmond - Clarendon,-33.6011603,150.7792786
Padstow,-33.9487767,151.030116
Point Nepean,-38.3016568,144.6527242
Penrith,-33.7511954,150.6941711
Hope Island,-43.336959,147.0423364
Gledswood Hills - Gregory Hills,-34.02074,150.7635881
Nambour,-26.6257326,152.959953
Gympie - South,-26.8079732,152.9595106
Mordialloc - Parkdale,-38.0054479,145.0809706
Gympie Surrounds,,
Rosemeadow - Glen Alpine,-34.1066667,150.7927778
Bullsbrook,-31.6637374,116.0272659
Berwick - South West,-31.9813361,115.8903443
Sutherland - Kirrawee,-34.0273783,151.0781539
North Ryde - East Ryde,-33.8161974,151.1401404
Warradale,-35.0073785,138.5355935
Chipping Norton - Moorebank,-33.919687,150.9630711
Burrum - Fraser,-25.1840105,152.6129695
Reservoir - North East,-37.7168415,145.0069944
Mandurah - East,-32.2688253,115.7798931
Balwyn North,-37.7919518,145.0842372
Seaton - Grange,-34.8893682,138.5043617
Cobbitty - Bringelly,-34.0104185,150.6922716
Victoria Point,-27.5843003,153.300364
Southern Moreton Bay Islands,-27.7829015,153.4034627
Rochedale - Burbank,-27.570167,153.126907
Ermington - Rydalmere,-33.8101156,151.0600559
Bradbury - Wedderburn,-34.0816667,150.8177778
Schofields - East,-33.6971603,150.8711915
Lewiston - Two Wells,-34.6102778,138.5897511
Scarborough - Newport,-31.8959841,115.7592114
Highfields,-27.4517705,151.9462897
Wollongong - East,-34.4253582,150.896673
Ingle Farm,-34.8275823,138.6454465
Busselton Surrounds,,
Burdell - Mount Low,-19.2302325,146.6974535
Moama,-36.1054404,144.758824
Payneham - Felixstow,-34.8906278,138.6533791
Queanbeyan Surrounds,,
Tamworth Surrounds,,
Camberwell,-37.8384623,145.0740767
Maitland,-32.7316683,151.5511123
Gingin - Dandaragan,-31.184878,115.7255672
Glen Waverley - East,-37.8796677,145.1629162
Hope Valley - Modbury,-34.8453721,138.6960181
Box Hill - Nelson,-37.8166959,145.1198034
Airlie - Whitsundays,-20.2767241,148.7276239
Canley Vale - Canley Heights,-33.8840168,150.9275405
Lidcombe,-33.8630649,151.0456771
Morphettville,-34.9846034,138.5430906
Ocean Grove,-38.267045,144.52487
Umina - Booker Bay - Patonga,-20.5106348,147.8254003
Flinders Park,-34.9102468,138.5432009
Dandenong - North,-37.9558319,145.2143234
Caboolture - East,-27.0787251,152.9543001
Murrumba Downs - Griffin,-27.2645498,153.0065013
Mitchell Park,-37.5092095,143.7772292
Eynesbury - Exford,-37.7610022,144.5651267
Gordonvale - Trinity,-17.0981626,145.7759747
Gosnells,-32.0673135,115.9977304
Revesby,-33.9436876,151.0137191
Mudgee,-32.5980702,149.5886383
Box Hill North,-37.8056831,145.1295748
Balwyn,-37.8091737,145.0833678
Golden Beach - Pelican Waters,-26.8156844,153.1197588
Bentleigh - McKinnon,-37.9225042,145.0448596
Brighton (Vic.),-37.8979882,145.005243
Woodville - Cheltenham,-34.8795782,138.5389922
Guildford West - Merrylands West,-33.8483084,150.9657421
Shepparton - North,-36.322336,145.3887061
Smithfield - Wetherill Park,-33.850816,150.909686
Bayswater - Embleton - Bedford,-31.909036,115.9039135
Preston - East,-37.743756,145.0063017
Australind - Leschenault,-33.2311441,115.7254452
Blackburn,-37.8201373,145.1500496
Pallara - Willawong,-27.6111011,153.0118232
Richmond (SA),37.7688386,-122.4705979
Davoren Park,-34.6910694,138.6683869
Moss Vale - Berrima,-34.531339,150.3537874
Yeppoon,-23.1348035,150.7436625
Eastwood,-33.79,151.0844444
Pitt Town - McGraths Hill,-33.6144928,150.8374464
The Parks,-26.7984569,152.9658388
Springvale,-37.9495893,145.1537826
Boronia,-37.860645,145.2848446
Ryde - North,-33.7944247,151.1215896
Palm Beach,-33.6005473,151.3231536
Panania (North) - Milperra,-33.9543358,150.9978399
Morayfield - East,-27.1167037,152.9656226
Dubbo - South,-32.2740897,148.5772734
Logan Village,-27.7675482,153.1070052
Balgownie - Fairy Meadow,-34.395368,150.8963847
Balga - Mirrabooka,-31.8591302,115.854986
Cashmere,-27.2988918,152.9122352
Wagga Wagga Surrounds,,
Box Hill,-37.8215116,145.1261267
Mandurah - South,-32.5176072,115.7559725
Beckenham - Kenwick - Langford,-32.0215834,115.9648379
North Nowra - Bomaderry,-34.8580611,150.5827879
Wentworthville - Westmead,-33.8066667,150.9677778
Mildura - South,-34.2105988,142.1248077
Mount Waverley - North,-37.8676858,145.1416637
Keilor East,-37.739339,144.8591851
Glen Waverley - West,-37.8796677,145.1629162
Gosford - Springfield,-33.4250175,151.3417318
Mernda - South,-37.6142369,145.0969789
Newport,-37.8423339,144.8835584
Beeliar - Wattleup,-32.141207,115.821758
Lalor Park - Kings Langley,-33.7567577,150.9398705
Murray Bridge,-35.1309451,139.2651638
Hampton,-27.3570077,152.0692403
Wanneroo - Sinagra,-31.7561439,115.8061262
Macquarie Park - Marsfield,-33.7814961,151.1256747
Merrylands - Holroyd,-33.8350765,150.9860379
Miranda - Yowie Bay,-34.0335434,151.1037193
Caringbah South,-34.0554491,151.1205937
Kew - West,-33.8729329,151.1812434
Tamborine - Canungra,-28.007031,153.177139
Geelong West - Hamlyn Heights,-38.1392967,144.3450387
Success - Hammond Park,-32.1451437,115.8495969
Noosa Hinterland,-26.3665417,152.8562344
Thornlands,-27.558201,153.2666265
South West Rocks,-30.8943859,153.040677
Brighton East,-37.9171728,145.0163663
Springfield Lakes,-27.6826685,152.9202698
Reservoir - South East,-33.1844036,138.7570004
Nollamara - Westminster,-31.8804371,115.843598
Panania (South) - Picnic Point,-33.9543358,150.9978399
Epping (East) - North Epping,-37.6523847,145.0315487
Turramurra,-33.7328828,151.128541
Toorak Gardens,-34.9333315,138.6374925
Highett (East) - Cheltenham,-37.9484438,145.04188
Rockdale - Banksia,-33.9473604,151.1401032
Mooroolbark,-37.784697,145.3131856
Bentleigh East - North,-37.9220201,145.0665529
Busselton - East,-33.644499,115.3488754
Malvern - Glen Iris,-37.8596152,145.0569516
Warners Bay - Boolaroo,-32.9739199,151.6489887
Ballina Surrounds,,
Morley,-31.8934573,115.9030854
Salisbury,-34.7684459,138.6117546
Forster,-32.1820852,152.5131155
Traralgon - East,-38.1852795,146.5880083
North Haven,-34.7872004,138.4905349
Clifton Beach - Kewarra Beach,-16.7725105,145.6705731
Southport - North,-27.9687807,153.4066696
Spearwood,-32.1042971,115.7837905
Googong,-35.422209,149.2363805
West Ryde - Meadowbank,-33.8148518,151.086652
Buderim - North,-26.6685429,153.0678219
Ulladulla,-35.3621503,150.4751713
Eumundi - Yandina,-26.5582223,152.9539454
Waterloo,-33.9002762,151.2073137
Warilla,-34.552341,150.8594438
Brunswick - South,-28.5405394,153.5518192
Southbank - East,-31.9866262,115.8971922
Baulkham Hills - East,-33.7611198,150.9914041
Hindmarsh - Brompton,-34.8930878,138.5770383
Ivanhoe,-37.7688774,145.0454487
Bairnsdale,-37.8254509,147.6304752
Palmerston - South,-34.944961,138.6048852
Pimpama - North,-27.8184314,153.2974082
Fairfield,-33.8674403,150.8893222
Burpengary - East,-27.1416507,152.9997532
North Kellyville,-33.6859488,150.9535842
Beerwah,-26.8573095,152.9604137
Rockingham,-32.3006647,115.7393915
Midland - Guildford,-37.1486985,144.1666571
Cannington - Queens Park,-32.0134373,115.9449495
Gladesville - Huntleys Point,-33.8421553,151.1478954
Clarkson,-31.6906707,115.7380776
Subiaco - Shenton Park,-31.9608851,115.8067842
Corrimal - Tarrawanna - Bellambi,-34.3757279,150.9048557
Chermside,-27.384991,153.033322
Ellenbrook,-31.782739,115.9665616
Cronulla - Kurnell - Bundeena,-34.0575259,151.1523851
Condon - Rasmussen,-19.32994,146.7167638
Edithvale - Aspendale,-38.0321821,145.1089002
Clifton Hill - Alphington,-37.7888763,144.9953613
Altona,-37.867169,144.8295925
Beverley,-32.158288,116.7616136
Yagoona - Birrong,-33.9067491,151.0243075
Fitzroy,-37.8010382,144.9792611
Greenwich - Riverview,-33.8300104,151.1855621
Surfers Paradise - North,-27.9927991,153.4292802
Croydon - East,-37.7965144,145.2568168
Broome,-17.9566909,122.2240181
Edmondson Park,-33.9628336,150.8563294
Fremantle,-32.0534086,115.7586172
Upper Coomera - North,-27.8529809,153.2982761
Concord - Mortlake - Cabarita,-33.8556716,151.1067667
Denman Prospect,-35.2945757,149.0270241
Glenelg (SA),-34.9800892,138.5163001
Seaford (Vic.),-38.119156,145.1467551
Sorell - Richmond,-42.7885865,147.6670832
Old Bar - Manning Point - Red Head,-31.9526029,152.5551274
Palmwoods,-26.692799,152.9608607
Camillo - Champion Lakes,-32.112701,116.0031528
Doncaster East - South,-37.7788744,145.1638815
St Marys - North St Marys,-33.7614134,150.7820661
Rothwell - Kippa-Ring,-27.2153199,153.0478394
Cabramatta West - Mount Pritchard,-33.8970093,150.9128236
Andergrove - Beaconsfield,-21.097549,149.1768866
Gympie - North,-26.1595375,152.683051
Punchbowl,-33.928717,151.0522591
Edwardstown,-34.9802157,138.5694275
Upper Mount Gravatt,-27.5557025,153.0807674
Armidale,-30.5144881,151.6656564
Bentleigh East - South,-37.9221088,145.083111
Southport - South,-27.9724106,153.4154689
Broadmeadows,-37.6830526,144.9194859
Port Melbourne Industrial,-37.8308777,144.9278154
Goulburn,-34.7523871,149.7198009
Doveton,-37.9887542,145.2385975
Nerang - Mount Nathan,-27.9685757,153.2981312
Prahran - Windsor,-37.8519747,144.9912853
Nowra,-34.8741198,150.6004709
Reservoir - South West,-33.8991078,151.1245648
Caulfield - North,-37.870828,145.0218005
Kallangur,-27.2508529,152.9927887
Prospect,-34.8827359,138.5928622
Yarraville,-37.8157385,144.8899709
Epping (NSW) - West,-33.8052684,151.1511496
Indooroopilly,-27.5065612,152.9822777
Toongabbie - Constitution Hill,-33.797399,150.9801193
Ashfield - South,-33.8870769,151.1253541
Yokine - Coolbinia - Menora,-31.90171,115.8525017
Eaton - Pelican Point,-33.3126472,115.7006193
Boonah,-27.991084,152.6962154
Kogarah,-33.968226,151.1354509
Burleigh Heads,-28.1021343,153.4395799
Lennox Head - Skennars Head,-28.8228897,153.6010642
Summerland Point - Gwandalan,-33.1467501,151.5739189
Carlton,-37.8004228,144.9684343
Fairfield - West,-33.8689308,150.9243383
Blacktown (North) - Marayong,-33.7401885,150.8648355
Seaford - Seaford Meadows,-35.1803482,138.4897717
Greystanes - South,-33.828883,150.952044
Docklands,-37.8175423,144.9394923
Bundaberg Surrounds - South,,
Caulfield - South,-37.894699,145.0249323
Frankston,-38.1457064,145.1263742
Augustine Heights - Brookwater,-27.660554,152.8792482
Margaret River,-33.9531776,115.0769369
Knoxfield - Scoresby,-37.8828919,145.2571379
Coomera,-27.84883,153.3296968
Burwood (NSW),-33.8859527,151.0930653
Dromana,-38.3418285,144.9655838
Byron Bay,-28.6483333,153.6177778
Moorabbin - Heatherton,-37.9474369,145.0797731
Lockyer Valley - West,-27.680931,152.199498
Gymea - Grays Point,-34.0341447,151.085653
Mermaid Beach - Broadbeach,-28.0367569,153.4332442
Bondi Beach - North Bondi,-33.8923133,151.2753137
Hawthorn - South,-34.9759652,138.6106331
Halls Head - Erskine,-32.5558396,115.6970469
Wagga Wagga - South,-35.125778,147.329744
Bentley - Wilson - St James,-32.0084461,115.9065455
Lawnton,-27.2826166,152.9808511
Warwick,-28.2163204,152.0327039
Shepparton - South East,-36.3831633,145.3988874
Ringwood East,-37.811709,145.2500979
West Lakes,-34.8759925,138.4982893
Christies Beach,-35.1395801,138.4697587
Uraidla - Summertown,-34.9571359,138.7456739
Capalaba,-27.522037,153.1918063
Chatswood - East,-24.8581773,152.3796069
Bundamba,-27.6044365,152.8114881
Peregian Springs,-26.4949465,153.0681201
Noosaville,-26.4248421,153.05751
Claymore - Eagle Vale - Raby,-34.0469444,150.81
Wahroonga (East) - Warrawee,-33.7183413,151.1174435
Gungahlin,-35.1788782,149.123653
Pascoe Vale,-37.7308567,144.928195
Balcatta - Hamersley,-31.8709062,115.8198022
Homebush,-33.860451,151.0806118
Belconnen,-35.2274338,149.0431454
Huskisson - Vincentia,-35.0384877,150.670708
Northgate - Northfield,-27.3908162,153.0693526
Strathfieldsaye,-36.8054885,144.3630432
Belmont - Ascot - Redcliffe,-27.5147784,153.1268563
Eagle Farm - Pinkenba,-27.4355287,153.1153372
Upper Caboolture,-27.1162759,152.9014219
Calamvale - Stretton,-27.6109771,153.0498924
Pagewood - Hillsdale - Daceyville,-33.9390664,151.2199363
Brunswick - North,-33.2444233,115.8440942
East Brisbane,-27.483124,153.0464312
Willow Vale - Pimpama (West),-27.8417192,153.2686268
Mannum,-34.9134482,139.3125775
Worongary - Tallai,-28.0531757,153.3280147
Parramatta - North,-33.8083541,151.0140147
Coolum Beach,-26.53284,153.0697206
Lindfield - Roseville,-33.775698,151.1688652
Heidelberg - Rosanna,-37.7470363,145.0579844
Pakenham - North East,-38.0806283,145.4863217
Nedlands - Dalkeith - Crawley,-31.9799209,115.8057167
West Pennant Hills,-33.7478359,151.0350621
Erskineville - Alexandria,-33.9025634,151.1891942
Kilsyth,-37.8037844,145.3134593
Albert Park,-37.8452062,144.957105
Glenroy - East,-34.8539897,138.5381443
Fitzroy North,-37.7833316,144.9837074
Sylvania - Taren Point,-34.0141205,151.0988161
North Coogee,-32.0930018,115.7593892
Lockleys,-34.9250195,138.5309544
Newcastle - Cooks Hill,-32.9294982,151.7728091
Stirling - Osborne Park,-31.9002419,115.811584
Pennant Hills - Cheltenham,-33.7384663,151.0716639
Whitlam,-35.2780956,149.0363976
Miami,-28.069175,153.4350824
South Melbourne,-37.83344,144.9570533
Liverpool - West,-33.92124,150.831328
Nelson Bay Peninsula,-35.240191,136.9793891
Campbelltown - Woodbine,-34.0476695,150.8284862
Rhodes,-33.8290589,151.0873578
Dakabin,-27.2275114,152.9845805
Dalyellup,-33.410681,115.6131353
Daylesford,-37.3414775,144.1465866
Blacktown (East) - Kings Park,-33.7401885,150.8648355
Mount Gravatt,-27.5386205,153.072934
Granville - Clyde,-33.8533341,151.0117222
Geelong,-38.1493248,144.3598241
Goodwood - Millswood,-34.9559093,138.5838117
Hurstville - Central,-33.9673964,151.1025768
Port Melbourne,-37.8333613,144.9219203
Paralowie,-34.7570514,138.6081109
Point Cook - South,-37.9312312,144.7543721
Waterford West,-27.6910154,153.125553
Casula,-33.9522222,150.8952778
Brighton (SA),-35.0210817,138.5229821
South Morang - South,-37.649244,145.067245
Tamworth - West,-31.0923006,150.9196728
Holsworthy - Wattle Grove,-33.9597307,150.9502719
St Albans - North,-37.76772,144.8176194
Lurnea - Cartwright,-33.9358333,150.8972222
Maribyrnong,-37.7695144,144.8902049
Richmond (South) - Cremorne,-33.8242891,151.2296362
Rowville - Central,-37.9239267,145.2447672
Kialla,-36.445075,145.4064578
Swansea - Caves Beach,-33.1034838,151.6402053
Unley - Parkside,-34.9506574,138.6253274
Sunshine Beach,-26.4051292,153.1117838
Narre Warren - South West,-38.0275167,145.3037408
Clayton - Central,-41.1626994,146.2322463
Para Hills,-34.8117394,138.6556036
Castle Hill - Central,-33.7317524,151.0069279
St Agnes - Ridgehaven,-34.824665,138.7090736
Glen Iris - East,-37.855814,145.0646117
Bowen,-20.012125,148.2462901
Kangaroo Flat - Golden Square,-36.806233,144.2407867
West End,-27.4832994,153.0075017
Crows Nest - Waverton,-33.8345848,151.2008593
Cannon Hill,-27.472393,153.0927423
West Wallsend - Barnsley - Killingworth,-32.9032721,151.5818517
St Ives,-33.7292063,151.159396
Ipswich - East,-27.6064915,152.7760411
Margate - Woody Point,-27.2455338,153.1114858
Murarrie,-27.44912,153.1060534
Beachmere - Sandstone Point,-27.1303586,153.0520041
Victoria Park - Lathlain - Burswood,-37.799123,144.99443
Sydenham - Tempe - St Peters,-33.9147428,151.1661069
Nunawading,-37.820503,145.1751332
Strathmore,-17.442097,142.5765522
Watson,-35.2348235,149.1594458
Raceview,-27.6360785,152.7773823
Shellharbour - Oak Flats,-34.5651299,150.8191239
Ormiston,-27.5070155,153.259893
Drummoyne - Rodd Point,-33.8520678,151.153689
Surrey Hills (West) - Canterbury,-37.8271881,145.0978326
Glenroy - West,-37.7059763,144.9086853
Darra - Sumner,-27.568054,152.9542605
Mosman Park - Peppermint Grove,-32.0046186,115.7597718
Kingscliff - Fingal Head,-28.2566667,153.5761111
Cranbourne North - East,-38.1177554,145.3194587
Yass Surrounds,,
Wooloowin - Lutwyche,-27.416809,153.036587
Asquith - Mount Colah,-33.6826776,151.1159283
Labrador,-27.9427642,153.3987125
Oatlands - Dundas Valley,-42.3018682,147.3728654
Walkerville,-34.8944851,138.6118707
Cloverdale,-31.9624358,115.9447482
Ringwood,-37.8158726,145.2291113
Kingsbury,-37.715569,145.0355601
Wolli Creek,-33.9285225,151.1539888
Frenchs Forest - Oxford Falls,-33.7479954,151.2292718
McKail - Willyung,-34.9918242,117.8444264
Eagleby,-27.7030065,153.2181428
Doncaster East - North,-37.7934078,145.064092
Putney,-33.826067,151.1064224
Korora - Emerald Beach,-30.2584535,153.1340791
Wantirna,-37.8523357,145.2259721
Glendale - Cardiff - Hillsborough,-23.242033,150.4568404
Flemington,-37.7867587,144.9193668
Yeronga,-27.5133345,153.0117745
Tweed Heads,-28.1786639,153.5369986
Grafton,-29.69125,152.9333435
Raymond Terrace,-32.7610569,151.7462299
Taigum - Fitzgibbon,-27.3361653,153.0429009
Albany Creek,-27.353639,152.9684713
Cape York,-10.6871474,142.5315554
Sunshine North,-37.7639467,144.8361969
Sunnybank Hills,-27.5991376,153.0486182
Coburg - East,-27.5325749,153.2744424
Abbotsford,-37.8045508,144.9988542
Redhead,-33.0111111,151.7077778
Robina - East,-28.0705635,153.3916396
Fremantle - South,-32.0737266,115.7589856
Bayswater,-31.909036,115.9039135
Thomastown,-37.6832672,145.0081104
Pascoe Vale South,-37.7434265,144.9384767
Ashwood - Chadstone,-37.866672,145.1022346
Niddrie - Essendon West,-37.7294529,144.8768285
Newtown (Vic.),-38.1469741,144.3430871
Coffs Harbour - South,-30.3178121,153.0858034
Sorrento - Marmion,-31.8292783,115.745412
Terrigal - North Avoca,-33.4483315,151.4427717
Airport West,-37.7222576,144.8834942
South Morang - North,-37.649244,145.067245
Inala - Richlands,-27.5800151,152.9641097
Mundijong,-32.2958316,115.9851981
Boyne Island - Tannum Sands,-23.951343,151.3693572
Ingleburn,-33.9983333,150.8511111
Wurtulla - Birtinya,-26.755654,153.1280208
Burwood (Vic.),-37.8494416,145.1199206
Merewether - The Junction,-32.9370537,151.7593876
Bundaberg East - Kalkie,-24.8534048,152.3840597
Footscray,-37.7981339,144.897345
Lowood,-27.4684925,152.5652517
East Bendigo - Kennington,-36.765198,144.2909243
Chirnside Park,-37.9047634,144.6530424
Ashcroft - Busby - Miller,-33.915,150.9011111
Thornbury,-37.7549944,144.9985944
Riverview,-33.823207,151.1600134
Coolangatta,-28.1703323,153.5304637
Maddington - Orange Grove - Martin,-32.0493729,115.982936
Avondale Heights,-37.7614537,144.862141
Mitcham (Vic.),-37.8193282,145.2137064
Sandringham - Black Rock,-37.9621131,145.0188197
South Hurstville - Blakehurst,-33.9811753,151.1084088
Kangaroo Point,-27.473864,153.0367847
Innaloo - Doubleview,-31.8937756,115.7957972
Cabramatta - Lansvale,-33.9026963,150.9476103
Liverpool - East,-37.9201147,145.0693806
Keilor Downs,-37.7205762,144.8047614
Northmead,-33.7844423,150.9983289
Minto - St Andrews,-34.0316667,150.8511111
Pakenham - South East,-38.0806283,145.4863217
Sans Souci - Ramsgate,-33.9842629,151.1373381
Atherton,-17.2667108,145.4768923
Phillip,-35.3470436,149.091009
Mount Eliza,-38.1837857,145.0892865
Denham Court - Bardia,-33.9813889,150.8294444
Karrinyup - Gwelup - Carine,-31.8705761,115.7787989
Brunswick Heads - Ocean Shores,-28.5433279,153.5402432
Woonona - Bulli - Russell Vale,-34.3455556,150.9041667
Engadine,-34.0650134,151.0138225
Chelsea - Bonbeach,-38.0623061,145.1268484
Como,-34.0032179,151.0631257
Hamilton Hill,-32.0845215,115.7794833
Mulgrave,-37.9261741,145.1723107
Mudgeeraba - Bonogin,-28.1423755,153.3203015
Ballina,-28.8526847,153.4906247
Northcote - East,-34.8984122,138.6093546
Sydney (South) - Haymarket,-33.879335,151.2052514
North Lakes,-27.2381221,153.017699
Darling Heights,-27.5959638,151.9319469
Highett (West) - Cheltenham,-37.9484438,145.04188
Ormond - Glen Huntly,-37.8978381,145.0445142
Shellharbour - Flinders,-34.5896051,150.8512467
Melbourne CBD - West,-37.8363839,144.9766624
Echuca,-36.1281405,144.7516955
Laverton,-27.9396502,125.4448928
Mandurah,-32.5302495,115.7208782
Coorparoo,-27.4962028,153.0595973
Quakers Hill,-33.7344444,150.8788889
Trinity Beach - Smithfield,-16.789067,145.700349
Mitcham (SA),-35.0200132,138.6159122
McLaren Vale,-35.2172617,138.5416998
Paradise Point - Hollywell,-27.8903073,153.3892371
Matraville - Chifley,-33.9653292,151.2443668
Pendle Hill - Girraween,-33.8079624,150.9434561
Rooty Hill - Minchinbury,-33.788834,150.8543367
Karratha,-20.7370067,116.8478592
Balgowlah - Clontarf - Seaforth,-33.7943622,151.2644605
Petersham - Stanmore,-33.8962721,151.1592421
St Georges Basin - Erowal Bay,-35.118678,150.6052521
Hawthorn East,-37.8313785,145.0499797
Northcote - West,-34.90124,138.60911
Taylor,-35.1468038,149.1071989
Morningside - Seven Hills,-27.4615955,153.0754455
Berwick - North,-33.8846288,151.2794788
Phillip Island,-38.5071781,145.1888103
Carseldine,-27.3481021,153.0226204
Everton Park,-27.4064443,152.9869559
Rokeby,-42.8958386,147.4336189
Corinda,-27.5430769,152.9813705
Batemans Bay - South,-35.7068297,150.1781933
Pymble,-33.7450185,151.1424708
Noble Park - West,-37.7962836,144.7932796
Marcoola - Mudjimba,-26.604241,153.0970215
Mooloolaba - Alexandra Headland,-26.674879,153.0972335
Wallsend - Elermore Vale,-32.9193517,151.6493564
Tamworth - North,-31.0780137,150.9258909
Riverton - Shelley - Rossmoyne,-32.0320357,115.8779168
Shortland - Jesmond,-32.8816613,151.6871202
Wynnum,-27.4377187,153.1659743
Lambton - New Lambton,-32.9344353,151.7076323
Kingaroy,-26.5412563,151.8394231
Highbury - Dernancourt,-33.0561723,117.2396552
Essendon (West) - Aberfeldie,-37.7498293,144.9109062
Flagstone (East) - Riverbend,-27.8160216,152.9652865
Redlynch,-16.920676,145.698255
Currumbin - Tugun,-28.1421345,153.4922221
Peakhurst - Lugarno,-33.9616444,151.0590667
Surfers Paradise - South,-27.9989899,153.42398
Guildford - South Granville,-33.8573915,151.007066
Currans Hill,-34.0463519,150.7712456
Alderley,-27.4258161,153.002316
Shepparton Surrounds - West,,
Taree,-31.912864,152.4608481
Craigmore - Blakeview,-34.6892151,138.7186505
Wentworth Point - Sydney Olympic Park,-33.8268958,151.0774351
Ascot Vale,-37.7753252,144.921825
Adamstown - Kotara,-32.9337786,151.7200237
Largs Bay - Semaphore,-34.8243551,138.4839532
Bracken Ridge,-27.317662,153.0339358
South Yarra - North,-37.7890566,144.9786383
Willetton,-32.0524594,115.8878267
Alphington - Fairfield,-37.7770644,145.0175517
Melbourne CBD - North,-37.804272,144.958148
Redcliffe,-27.2268785,153.1129973
Wickham - Carrington - Tighes Hill,-32.9233333,151.7594444
Point Vernon,-25.2566045,152.8128281
Charlestown - Dudley,-26.3683625,151.9188662
Coffs Harbour - North,-30.3178121,153.0858034
Schofields (West) - Colebee,-33.6971603,150.8711915
Williamstown,-37.8611788,144.8898569
Bribie Island,-26.9644799,153.120238
Buderim - South,-26.6890011,153.086912
Malvern East,-37.876835,145.0658739
Bowral,-34.4816626,150.4177868
Falcon - Wannanup,-32.5928744,115.6427914
St Lucia,-27.4989435,153.0064984
Mount Gambier - West,-37.8279928,140.7801404
Loganholme - Tanah Merah,-27.683054,153.1894379
South Perth - Kensington,-31.9835362,115.8756212
Toowong,-27.478974,152.9853241
Chatswood (West) - Lane Cove North,-33.8055115,151.1634856
West Footscray - Tottenham,-37.8017381,144.8840566
Moe - Newborough,-38.171286,146.2884537
Currumbin Valley - Tallebudgera,-28.2393442,153.343978
Mitchelton,-27.4103837,152.9733826
Carina,-27.4872985,153.1000363
Wynnum West - Hemmant,-27.4539766,153.1562022
Aveley,-31.787069,115.9862261
Blacktown - West,-33.7706391,150.8930545
Reynella,-35.0965682,138.5216167
Mount Martha,-38.2754676,145.0307737
Kogarah Bay - Carlton - Allawah,-33.9816792,151.1239702
Carlingford - West,-33.7819312,151.0370219
Kensington (Vic.),-37.7944926,144.9295903
Ballarat East - Warrenheip,-37.564603,143.8970466
Chittaway Bay - Tumbi Umbi,-33.326936,151.4367385
Newstead - Bowen Hills,-27.4483345,153.0461534
Wheelers Hill,-37.9103266,145.1895175
Seaford Rise - Moana,-35.2009601,138.4866672
Tenambit - East Maitland,-32.7434353,151.6032018
Wembley Downs - Churchlands - Woodlands,-31.9192137,115.7798863
Valley View - Gilles Plains,-34.8443635,138.6674038
Torquay,-38.3266551,144.3134076
Cottesloe,-31.9955715,115.7558367
Wollongong - West,-34.4242537,150.8673533
Salisbury East,-34.7764785,138.6721978
Zetland,-33.9076623,151.2082183
Helensvale,-27.9053051,153.3324585
Montmorency - Briar Hill,-37.7099863,145.1229613
Caloundra Hinterland,,
Arncliffe - Bardwell Valley,-33.9358416,151.1476683
Kiama,-34.6958202,150.7959123
Booragoon,-32.0395384,115.8336757
Wantirna South,-37.8737902,145.2217475
East Perth,-31.9439495,115.8770742
Tamworth - East,-31.0894444,150.9436111
Coombs,-35.3167344,149.0425254
Clinton - New Auckland,-34.221686,138.0231826
Templestowe Lower,-37.7638749,145.1122762
Clayton South,-37.9320359,145.1245064
Mansfield (Vic.),-37.0519596,146.0890787
Brunswick West,-37.7633334,144.9425563
Mount Druitt - Whalan,-33.7705556,150.8205556
Freshwater - Brookvale,-33.7680245,151.279795
Rosebery - Beaconsfield,-33.9103632,151.2025107
Armadale,-32.1791895,116.1066784
Bassendean - Eden Hill - Ashfield,-31.9059155,115.9442686
Carrum Downs,-38.1003312,145.1788657
Strathfield - East,-38.1292475,145.2954609
Golden Plains - South,-29.3837369,147.5710838
Hamilton - Broadmeadow,-32.9249315,151.7463643
Highton,-38.1709191,144.3190212
North Melbourne,-37.8076092,144.9423514
Loganlea,-27.6731622,153.137161
Oak Park,-37.7180181,144.9215041
Auburn - Central,-33.849979,151.0317195
Mentone,-37.9835633,145.0663498
Colonel Light Gardens,-34.9835849,138.5946908
Nundah,-27.4012298,153.0603789
Carnegie,-37.8862295,145.0585695
Greenacre - South,-33.892985,151.061599
Woolloongabba,-27.4853896,153.0364488
Swan View - Greenmount - Midvale,-31.8800199,116.0471182
Croydon Park - Enfield,-34.8815367,138.5763373
Dee Why - North,-33.7656245,151.302272
Dural - Kenthurst - Wisemans Ferry,-33.6876398,151.0267199
Harrisdale,-32.1186965,115.9314593
Castle Cove - Northbridge,-33.7865285,151.2143187
Lane Cove,-33.8232026,151.1697148
Springfield,-27.6540497,152.908847
Norwood (SA),-34.9212947,138.6362477
Oyster Bay - Como - Jannali,-34.0032775,151.0812354
Croydon - West,-33.8756016,151.1242908
Carlingford - East,-34.7616588,138.6689965
Potts Point - Woolloomooloo,-33.867522,151.2243115
Dubbo - West,-32.2483174,148.5844392
North Geelong - Bell Park,-38.109646,144.3416502
Perth (North) - Highgate,-31.9558967,115.8605784
Fortitude Valley,-27.4572735,153.0362663
Hadfield,-37.7101582,144.9502764
Browns Plains,-27.662885,153.0516055
North Narrabeen - Warriewood (South),-33.6960676,151.2962535
Burnside - Wattle Park,-34.944479,138.6472958
Brunswick East,-37.7688802,144.9776825
Hastings - Somers,-38.3056058,145.1859934
Gordon - Killara,-33.7608128,151.1836757
Moonee Ponds,-37.765935,144.9192614
Civic,-35.2812678,149.1291868
Varsity Lakes,-28.0971316,153.3992325
Marsden,-27.6755473,153.103837
Essendon - East,-37.7415139,144.871904
Caloundra - Kings Beach,-26.8016505,153.1374485
Bankstown - South,-33.919114,151.0351971
Gorokan - Kanwal - Charmhaven,-33.2562494,151.5140288
Underwood,-27.6070295,153.1123282
Caringbah,-34.0354477,151.1248018
East Victoria Park - Carlisle,-31.9842427,115.9028513
Colyton - Oxley Park,-33.7822222,150.7958333
Lockridge - Kiara,-31.881459,115.9499826
Brisbane City,-27.470301,153.0258187
Mernda - North,-37.5880064,145.0949611
Kingston - Huntingfield,-29.0563564,167.9595733
Norman Gardens,-23.3261245,150.5388877
Irymple,-34.235623,142.1704328
Springvale South,-37.9708611,145.1478692
Stockton - Fullerton Cove,-32.8479228,151.8344202
Mascot,-33.9289562,151.1951782
Edmonton,-17.018813,145.7449116
Athelstone,-34.8714792,138.7054458
Manning - Waterford,-32.0123261,115.8848604
Mareeba,-16.9932257,145.4224301
Upper Kedron - Ferny Grove,-27.4111205,152.9232658
Thirroul - Austinmer - Coalcliff,-34.3164691,150.918932
Clifton Springs,-38.15307,144.5726575
Rivervale,-31.9628542,115.9147434
Forrestfield - Wattle Grove,-31.954628,115.9921995
Preston - West,-37.7378429,144.9956343
Parrearra - Warana,-26.7108685,153.1221273
Seven Hills - Prospect,-33.7762649,150.9332791
California Gully - Eaglehawk,-36.7314172,144.2572707
Blackwood,-35.0223835,138.6128068
Tuart Hill - Joondanna,-31.9041865,115.8383579
Melville,-11.5521795,130.9727399
Dulwich Hill - Lewisham,-33.9045849,151.1386091
Port Macquarie - East,-31.4299499,152.9103525
Tarragindi,-27.52633,153.0441075
Spring Farm,-34.0694444,150.7272284
Craigieburn - South,-37.6144517,144.9394789
Dapto - Avondale,-34.493037,150.791789
Carina Heights,-27.5014508,153.0966984
Manly Vale - Allambie Heights,-33.7814257,151.2556766
Butler - Merriwa - Ridgewood,-31.6356944,115.7003262
Beaumaris,-37.9822122,145.0389098
Leumeah - Minto Heights,-34.0543113,150.8371354
The Hills District,-32.73342,134.49748
Cairns City,-16.9233322,145.7733307
Mona Vale - Warriewood (North),-33.6769931,151.3029577
Lyneham,-35.239801,149.1307354
Maffra,-37.9652474,146.9764384
Woolooware - Burraneer,-34.0530694,151.140779
Bangalow,-28.6816667,153.5177778
Concord West - North Strathfield,-33.8563326,151.0919395
Southbank (West) - South Wharf,-37.8275306,144.9538221
Collingwood,-37.802104,144.9881387
Condell Park,-33.9227893,151.0113353
Drayton - Harristown,-27.5876212,151.9299413
Doreen - South,-33.8054611,150.5501117
Eight Mile Plains,-27.5804725,153.0884044
Wembley - West Leederville - Glendalough,-31.9336484,115.8148091
Howrah - Tranmere,-42.8787603,147.4062497
Belmore - Belfield,-33.9171961,151.0887104
Smithfield - Elizabeth North,-33.8478215,150.9408736
Figtree - Keiraville,-34.4307377,150.8487279
Newnham - Mayfield,-41.3889704,147.124029
Peregian Beach - Marcus Beach,-26.4596723,153.0973585
Mermaid Waters,-28.052458,153.4218922
Lynbrook - Lyndhurst,-38.0571593,145.2493085
Ashgrove,-27.44306,152.9827649
Toowoomba - Central,-27.5579762,151.9578129
Kilcoy,-26.9417175,152.561157
Merimbula - Tura Beach,-36.8756666,149.9288124
Stafford,-27.4108007,153.0103865
Eimeo - Rural View,-21.0634654,149.1585156
Five Dock - Abbotsford,-33.8690024,151.1290231
Bellbird Park,-27.6367635,152.8886859
Tully,-17.9429225,145.9285816
Burnside,-34.944479,138.6472958
Greenacre - North,-33.9022902,151.058546
New Farm,-27.466589,153.0469363
Salisbury North,-34.745959,138.6276437
Point Cook - East,-37.9064862,144.7533059
Hobart,-42.8825088,147.3281233
Bondi Junction - Waverly,-33.8930034,151.2501228
Fawkner,-37.7146535,144.9605402
Murrumbeena,-37.890315,145.0675972
Aspley,-27.3656925,153.0169605
West Beach,-34.9451586,138.5091364
Castlemaine,-37.0664778,144.2200032
Greenway,-35.4158082,149.0648149
Goulburn Surrounds,,
Dianella - South,-36.4010328,148.4094897
Algester,-27.6109526,153.0315999
Werribee - East,-37.8995007,144.6609036
Madeley - Darch,-31.8120053,115.8252784
Wattle Glen - Diamond Creek,-37.6659556,145.1813531
Willagee,-32.0520262,115.8052683
Jindabyne - Berridale,-36.3656611,148.8279507
Horsham,-36.7148099,142.2018105
St Leonards - Naremburn,-33.8177927,151.1938
Canning Vale - East,-32.0813818,115.916882
Kedron - Gordon Park,-27.4170877,153.0325162
Woolgoolga - Arrawarra,-30.1108288,153.2000074
Wilsonton,-27.5417175,151.9177494
South Hedland,-20.4087731,118.5986644
Taree Surrounds,,
South Lake - Cockburn Central,-32.1100323,115.8455255
Avalon - Palm Beach,-33.6365039,151.3290299
Swanbourne - Mount Claremont,-31.9658855,115.7751096
Goodna,-27.608852,152.8927727
Randwick - South,-33.9620684,151.2279311
Trigg - North Beach - Watermans Bay,-31.875679,115.755874
Middle Swan - Herne Hill,-31.8599389,116.0180672
Truganina - South West,-37.8089015,144.721139
Sunnybank,-27.5752834,153.0557235
Samford Valley,-27.3708125,152.8558073
Parkwood - Ferndale - Lynwood,-32.0327324,115.9285949
Runcorn,-27.5981125,153.0794092
Kenmore,-27.515645,152.937661
Auburn - South,-33.8568221,151.0312131
Leichhardt - One Mile,-27.6269868,152.7457468
Manly - Lota,-27.4624342,153.1875468
Point Cook - North West,-37.9064862,144.7533059
Kew East,-37.7904215,145.0527906
Beaumont - Glen Osmond,-34.9499756,138.6593163
Parmelia - Orelia,-32.2365084,115.8357982
Castle Hill - South,-33.7252055,150.9780442
Hillcrest,-34.8625153,138.643046
Bicton - Palmyra,-32.0382088,115.777386
Scrivener,-35.2996744,149.0722735
Wagga Wagga - East,-35.120802,147.3772724
Downer,-35.2438315,149.1435455
Mornington - West,-38.2235773,145.1716184
Noosa Heads,-26.40014,153.091049
Castle Hill - North,-19.2587634,146.8015729
Albury Surrounds,,
Hampton Park - East,-38.0367368,145.2590312
Emu Plains - Leonay,-33.7483333,150.6677778
Collaroy - Collaroy Plateau,-33.7275,151.286992
Pottsville,-28.3869444,153.5608333
Toorak,-37.850751,145.0136989
Ascot,-27.429703,153.0638907
Truganina - South East,-37.8089015,144.721139
Bulleen,-37.7688992,145.0871992
Melbourne CBD - East,-37.8132115,144.9700591
Enoggera,-27.4263185,152.9743221
Craigieburn - North West,-37.6022613,144.9430882
Panorama,-34.9998042,138.5972359
Northam,-31.6535192,116.6726927
Carramar,-31.7007986,115.7834881
Epping (Vic.) - West,-37.6523847,145.0315487
Noble Park - East,-37.9664597,145.1761147
Jamisontown - South Penrith,-33.7679769,150.674815
Applecross - Ardross,-32.0103523,115.8345592
Sherwood,-27.530861,152.9826097
Manly - Fairlight,-33.7954093,151.2816049
Oxley (Qld),-27.553433,152.9735986
Pemulwuy - Greystanes (North),-33.8164641,150.9284441
Strathnairn,-35.2323902,148.985554
Camp Hill,-27.4942385,153.0771926
Bathurst - West,-33.4066704,149.5622182
Mittagong,-34.4500664,150.4473469
Wauchope,-31.4557879,152.734664
Rouse Hill - Beaumont Hills,-33.6865643,150.9315345
Arundel,-27.9360655,153.3653514
Coogee - Clovelly,-33.911446,151.254856
Canadian - Mount Clear,-37.5942397,143.8715272
Hocking - Pearsall,-31.7808346,115.817715
Bankstown - North,-33.9061286,151.0383886
Vermont,-37.8379913,145.19836
Coopers Plains,-27.566855,153.0367212
Carrara,-28.02077,153.3683962
Bentley Park,-17.0087133,145.7256869
Meadow Heights,-37.6511668,144.9185521
Forest Lake - Ellen Grove,-27.6019248,152.9493376
Fairfield - East,-33.8747423,150.9721298
Cremorne - Cammeray,-33.8260081,151.2254326
Carindale,-27.5032764,153.1040678
Orange - North,-33.2535491,149.1011116
St Kilda - West,-37.8579958,144.9712452
Mullumbimby,-28.5483333,153.5011111
South Brisbane,-27.479264,153.0200774
Port Adelaide,-34.8342755,138.5123548
Point Lonsdale - Queenscliff,-38.2725073,144.6136725
Parkhurst - Kawana,-23.303836,150.5018543
Elizabeth,-34.7202612,138.6693371
Malabar - La Perouse,-33.9629779,151.2480171
Elderslie - Narellan,-34.0590289,150.715403
Erina - Green Point,-33.4352707,151.3827122
Earlwood,-33.9247222,151.1313889
Crestmead,-27.689416,153.0914486
Donvale - Park Orchards,-37.7727895,145.1937127
Bundaberg North - Gooburrum,-24.8294584,152.3077966
Ryde - South,-33.7822552,151.1091798
Orange,-33.2820463,149.0971567
Baulkham Hills (West) - Bella Vista,-33.7611198,150.9914041
Taringa,-27.4952415,152.9854035
Auburn - North,-33.841647,151.0385819
Maryland - Fletcher - Minmi,-32.8788889,151.6636111
Eltham,-37.7137359,145.147673
Annerley,-27.5126515,153.0325838
Bellevue Hill,-33.8797123,151.2561988
Lethbridge Park - Tregear,-33.7386041,150.8014499
Oxenford - Maudsland,-27.9015337,153.2997577
Robina - West,-32.0873972,116.0001057
Nudgee - Banyo,-27.3740642,153.0935561
Kew - South,-31.6336388,152.7241492
Chittering,-31.360234,116.0673752
Bateau Bay - Killarney Vale,-33.3772839,151.4649339
Keysborough - South,-38.0118152,145.1606525
Scarborough,-31.8959841,115.7592114
Marino - Seaview Downs,-35.0499168,138.5153326
Templestowe,-37.7540588,145.1486152
Canterbury (North) - Ashbury,-37.8247469,145.0807636
Neutral Bay - Kirribilli,-33.8342887,151.2182049
Paddington - Milton,-27.4648896,153.0078872
Traralgon - West,-38.1879783,146.5178183
Perth (West) - Northbridge,-31.948815,115.8575082
Port Kennedy,-32.3704685,115.7527396
Oatley - Hurstville Grove,-33.9768745,151.0976003
Elwood,-37.8788568,144.9855487
Doonside - Woodcroft,-33.7623581,150.8833988
Botany,-33.947829,151.1990644
Sydney (North) - Millers Point,-33.8523817,151.2107399
Lakes Entrance,-37.877796,148.0023918
Dee Why (South) - North Curl Curl,-33.7656245,151.302272
Canterbury - South,-33.9167703,151.1085257
Mosman - North,-33.8429708,151.2437273
Albion,-27.4302232,153.0420578
Woree,-16.960466,145.7448849
Benalla,-36.5517611,145.9833562
McDowall,-27.3886299,152.9967591
North Parramatta,-33.7952747,151.0116649
Hallam,-38.0179565,145.2703131
Strathpine - Brendale,-27.3085748,152.9855437
Bridgeman Downs,-27.3562082,152.9944728
New Norfolk,-42.7801998,147.0615332
Werribee - South,-37.939627,144.697546
Greensborough,-37.7037383,145.1079105
Taylors Lakes,-37.698633,144.7863077
Waratah - North Lambton,-32.9023676,151.7312067
Pimpama - South,-27.8161679,153.2924022
Floreat,-31.9392096,115.7939626
Gatton,-27.5615314,152.2791353
City Beach,-31.9364674,115.7599058
Goonellabah,-28.815,153.3177777
Wodonga,-36.1205539,146.8880837
Fulham,-27.0335324,152.4710369
Iluka - Burns Beach,-31.741832,115.7244454
Glenfield,-33.9722422,150.8930882
Edens Landing - Holmview,-27.7111283,153.1747572
Coolbellup,-32.0812445,115.8060784
Eden,-37.0640494,149.9035118
Somerville,-38.22542,145.1763347
Mill Park - South,-33.9350957,150.9209348
Bulimba,-27.4491865,153.0604866
Frankston North,-38.1228524,145.1609788
Dover Heights,-33.8739831,151.2810366
Griffith (ACT),-35.3207083,149.1322739
Mulgoa - Luddenham - Orchard Hills,-33.8371562,150.6504013
Highgate Hill,-27.4878705,153.0179822
Cranbourne East - North,-38.1177554,145.3194587
Wagga Wagga - North,-35.0782237,147.4151016
Denistone,-33.7989066,151.0887
Gladstone Park - Westmeadows,-37.6880979,144.882367
Belmont,-27.5147784,153.1268563
Craigieburn - West,-37.5955765,144.9792512
Jacka,-35.1495163,149.1304298
Reedy Creek - Andrews,-37.240673,145.1494819
Ormeau (East) - Stapylton,-27.774813,153.2520815
Craigie - Beldon,-31.7774894,115.7710332
Hunters Hill - Woolwich,-33.8384887,151.1761967
Maryborough (Qld),-25.5249178,152.6995453
Mawson Lakes - Globe Derby Park,-34.8104796,138.6111791
Gowrie (Qld),-26.2299182,146.3162565
Dandenong North,-37.9558319,145.2143234
Winchelsea,-38.2419077,143.9859604
Langwarrin,-38.1545829,145.1973931
Katoomba - Leura,-33.7130643,150.320161
Lyons (NT),-12.3581929,130.8879253
Viewbank - Yallambie,-37.7399103,145.0932329
Benowa,-28.0041744,153.3834595
Biggera Waters,-27.9271595,153.3983923
Bardon,-27.4595395,152.9776502
Claremont (WA),-31.9712347,115.7878219
Windsor,-33.6055342,150.821953
Corio - Lovely Banks,-38.0908362,144.3366178
Hoppers Crossing - North,-37.8832314,144.7010882
Richmond - North,-33.5803842,150.7203276
Parafield Gardens,-34.7825552,138.6107321
North Sydney - Lavender Bay,-33.8417752,151.208883
St Peters - Marden,-34.8925054,138.6350847
Albany,-35.0247822,117.883608
Bayonet Head - Lower King,-34.9781992,117.9318503
Kelvin Grove - Herston,-27.4456817,153.0090361
Forest Hill,-27.582465,152.3627515
Kingston (Qld),-27.660526,153.117401
Buddina - Minyama,-26.693918,153.1325953
Dickson,-35.2527861,149.1417216
Leopold,-38.1891547,144.4644962
Bellevue Heights,-35.0301985,138.5831094
Morphett Vale - West,-35.1207525,138.5239735
Kensington (NSW),-33.9177544,151.233704
Ballarat North - Invermay,-37.5325691,143.8841671
Mount Louisa,-19.276349,146.7383639
Bonnells Bay - Silverwater,-33.1078506,151.5291695
The Gap,-27.4436425,152.9453605
Wahroonga (West) - Waitara,-33.7183413,151.1174435
Kellyville - West,-33.7123586,150.9340181
Bayswater North,-37.8260474,145.2819271
Mount Gambier - East,-37.8342795,140.7983751
Elsternwick,-37.8849937,145.0010231
Seddon - Kingsville,-37.8090118,144.8956264
Mildura - North,-34.1858749,142.1653083
Mount Pleasant - Glenella,-34.7755477,139.0479358
Shoal Point - Bucasia,-21.0336012,149.1577012
White Rock,-27.6943743,152.8481144
North Perth,-31.9308627,115.8567044
Kellyville - East,-33.7158272,150.954993
Yankalilla,-35.4941343,138.3631776
Redfern,-33.8931044,151.2040292
Parkinson - Drewvale,-27.6357372,153.0300028
Clayfield,-27.418713,153.0555768
Berkeley - Lake Heights - Cringila,-34.4774294,150.8448548
Melton West,-37.6798651,144.5528895
West Melbourne - Residential,-37.808747,144.9238207
Roselands,-33.9339943,151.0765121
Berrimah,-12.433883,130.9229031
Bull Creek,-32.047092,115.8541087
Lalor - West,-33.8379515,121.904923
New Town,-42.8588009,147.3058753
Sawtell - Boambee,-30.3358104,153.079639
High Wycombe,-31.954628,115.9921995
Modbury Heights,-34.8120502,138.6823423
Kempsey,-30.9056457,152.5228021
Bidwill - Hebersham - Emerton,-25.6023175,152.7196717
Regents Park - Heritage Park,-33.8820048,151.02569
Deeragun - Jensen,-19.248923,146.6683715
Lobethal - Woodside,-34.9155237,138.8795913
Royal Park - Hendon - Albert Park,-37.7861631,144.9495088
Spring Hill,-27.4614416,153.0257338
Croydon Hills - Warranwood,-37.7743527,145.2661042
Runaway Bay,-27.9122419,153.4029513
Marrickville - North,-33.7969622,151.1812994
Emerald,-23.5263118,148.1618622
Burwood East,-37.8535935,145.150423
Bondi - Tamarama - Bronte,-33.8930556,151.2633333
Holland Park,-27.520083,153.0729783
Maroubra - West,-32.404593,115.7676715
Brassall,-27.5917295,152.7365879
Burleigh Waters,-28.0848122,153.4353217
Moorooka,-27.5354776,153.020739
Ashburton (Vic.),-37.8635845,145.0801085
Box Head - MacMasters Beach,-33.5355173,151.3455457
Bannockburn,-38.0443362,144.1738367
Surrey Hills (East) - Mont Albert,-37.8271881,145.0978326
Agnes Water - Miriam Vale,-24.223913,151.9063163
Braddon,-35.2708149,149.135735
Bundaberg Surrounds - North,,
Toongabbie - West,-33.7927838,150.9571806
Salisbury - Nathan,-27.5431104,153.0286564
Batemans Bay,-35.7072183,150.178289
Glebe - Forest Lodge,-33.8853583,151.1821561
Frankston South,-38.1765027,145.1295641
Ivanhoe East - Eaglemont,-37.7733903,145.0617815
Strathfield - West,-33.8523154,151.0798088
Kalamunda - Maida Vale - Gooseberry Hill,-31.9578563,116.0337271
Pooraka - Cavan,-34.8257023,138.6228595
Bundaberg,-24.8653253,152.3516785
Broadbeach Waters,-28.027218,153.4168032
Mount Lawley - Inglewood,-31.9216996,115.8851373
Kewdale,-31.9760687,115.9423314
Wyong,-33.2825132,151.4256691
East Maitland - Metford,-32.7575206,151.5854642
Bossley Park - Abbotsbury,-33.8622222,150.8844444
Clayton (North) - Notting Hill,-37.9158025,145.1313859
Bendigo,-36.7590183,144.2826718
East Melbourne,-37.812498,144.9858851
Foster,-38.6509683,146.20186
Carrum - Patterson Lakes,-38.0716798,145.1484738
Kyneton,-37.247494,144.4552171
Girrawheen,-31.8418128,115.8402759
St Kilda - Central,-37.8508465,144.9803185
Northgate - Virginia,-27.3878824,153.0692555
Wacol,-27.589173,152.9243501
Helena Valley - Koongamia,-31.9204975,116.0385035
Main Beach,-27.9787768,153.4271228
Moonta,-34.0675469,137.5894365
Woodcroft,-35.1032023,138.5624215
West Wodonga,-36.101468,146.8275134
Doreen - North,-37.5963874,145.1428928
Coogee,-33.9217004,151.2557975
Camden - Ellis Lane,-34.016087,150.7198849
Colac,-38.3399766,143.5858537
Landsdale,-31.809048,115.8662569
Albion Park Rail,-34.5625775,150.7978168
Sunshine,-37.7893319,144.8342699
Craignish - Dundowran Beach,-25.2827859,152.7477328
Zillmere,-27.3587634,153.0376968
Sunshine West,-37.7983442,144.8110919
Aldgate - Stirling,-35.0089981,138.7248921
Willoughby,-33.8015995,151.1836478
Mayfield - Warabrook,-32.8983333,151.7344444
Karalee - Barellan Point,-27.55908,152.8252856
Tinana,-25.5448585,152.6594348
Upper Coomera (South) - Wongawallan,-27.8529809,153.2982761
Geraldton - North,-30.2824688,116.0974504
Bruce,-35.2453517,149.0916334
Cambridge Park,-33.7501365,150.7269025
St Kilda East,-37.8668218,145.0021657
Maroochy Hinterland,,
Birkdale,-27.4943324,153.2151619
Pyrmont,-33.8692145,151.1923633
South Bunbury - Bunbury,-33.3622175,115.6302422
Paynesville,-28.0583546,118.3361339
Stratton - Jane Brook,-31.8680117,116.0524145
Emu Park,-23.2493245,150.8129435
Unanderra - Mount Kembla,-34.4546772,150.8460733
Bli Bli,-26.610295,153.02183
Townsville - South,-19.260186,146.8305983
Longford,-41.5936936,147.1215353
Ferntree Gully (South) - Upper Ferntree Gully,-37.8815825,145.2951466
Narrabundah,-35.3356919,149.1492215
Hassall Grove - Plumpton,-33.7316667,150.8344444
Coburg - West,-37.7534207,144.9460571
Morwell,-38.2363218,146.3977575
Mosman - South,-33.8429708,151.2437273
Romsey,-37.3518801,144.7374475
Newport - Bilgola,-33.642654,151.3109247
Maylands,-31.9345383,115.8985445
Glass House Mountains,-26.9043015,152.9302177
Deer Park,-37.7686602,144.7713077
Woodridge,-31.3371056,115.5988756
Port Macquarie - South,-31.4460332,152.8945592
Moffat Beach - Battery Hill,-26.793456,153.1359714
Walkervale - Avenell Heights,-24.8820498,152.3596125
Leichhardt,-33.8819328,151.155867
Exmouth,-21.9324401,114.1258094
Tarneit - Central,-37.8369098,144.6929194
Wamberal - Forresters Beach,-33.430832,151.4474949
Ballarat,-37.5623013,143.8605645
College Grove - Carey Park,-33.3740061,115.6608494
Grafton Surrounds,,
Mount Isa,-20.7289898,139.4931522
Brookfield,-27.488929,152.907882
Ormeau (West) - Yatala,-27.774813,153.2520815
Warrnambool - South,-38.3953833,142.4710656
Rosehill - Harris Park,-33.8209038,151.0165104
Manly West,-27.4619537,153.1692817
East Bunbury - Glen Iris,-33.3385365,115.6582483
Geraldton - South,-30.6337611,116.1858313
Albury - North,-36.062814,146.931309
Lorne - Anglesea,-38.3595131,144.2955457
Middle Ridge,-27.608132,151.9663446
Nambucca Heads,-30.6449458,152.9924524
Hamilton (Qld),-27.4388665,153.0645188
Hornsby - East,-38.1276685,145.2969678
Manoora,-34.0005536,138.8174677
Hurstville - North,-33.972953,151.0964604
Malanda - Yungaburra,-17.2860638,145.6137472
Turner,-35.2688704,149.1245771
Bald Hills,-27.3107173,153.0124269
Dayboro,-27.1959179,152.8245404
Bathurst - East,-41.4336994,147.1334266
South Wentworthville,-33.82134,150.9687481
Bellingen,-30.3739913,152.71921
Murdoch - Kardinya,-32.0664255,115.8504737
Maiden Gully,-36.7558305,144.2075729
Riverside,-41.4153427,147.1028942
Geraldton - East,-28.77035,114.6147159
Flemington Racecourse,-37.7892513,144.9127713
Darwin City,-12.463508,130.8435555
Warragamba - Silverdale,-33.874656,150.618371
Wellington Point,-27.4840595,153.2407425
Jordan Springs - Llandilo,-33.7250215,150.7271271
Duncraig,-31.8314627,115.7788108
Tweed Heads South,-28.2003,153.5349368
Tapping - Ashby - Sinagra,-31.7182317,115.7939809
Wishart,-27.5514355,153.1031592
Mornington - East,-27.1218036,152.9870487
Normanhurst - Thornleigh - Westleigh,-33.7238649,151.0977351
Ararat,-37.2834165,142.9319447
Forestville - Killarney Heights,-33.7647173,151.20939
Chippendale,-33.8863291,151.1998211
Wendouree - Miners Rest,-37.5309865,143.8266778
Bonnyrigg Heights - Bonnyrigg,-33.8888805,150.872562
Rose Bay - Vaucluse - Watsons Bay,-33.8741644,151.265471
Kingston Beach - Blackmans Bay,-42.9806637,147.3242525
Chelmer - Graceville,-27.511992,152.9727635
Mortdale - Oatley,-33.9742698,151.0768645
Narre Warren North,-37.9813391,145.3129016
Hornsby - West,-33.747383,151.050106
Port Lincoln,-34.7211905,135.8592218
Winston Hills,-33.7761098,150.9816606
Fairfield - Dutton Park,-33.8674403,150.8893222
Greenslopes,-27.5088321,153.0529626
East Devonport,-41.1771167,146.3674132
Keilor,-37.7113545,144.8250696
Hendra,-27.4175215,153.0705448
Coburg North,-37.7272635,144.9678538
Clontarf,-27.9782975,151.223106
Mount Hutton - Windale,-32.9816667,151.6705556
Wynyard,-33.8659903,151.2058096
Hampton Park - West,-31.8914463,115.9214779
St Clair,-33.7983333,150.7844444
Nuriootpa,-34.4693354,138.9939006
North Adelaide,-34.9085015,138.5953502
Maroubra - South,-33.939706,151.238456
Camperdown - Darlington,-33.8892546,151.1909947
Elizabeth East,-34.7260216,138.6815148
Annandale (NSW),-33.8812281,151.1705459
Youngtown - Relbia,-41.4822455,147.1664955
Blue Haven - San Remo,-33.2108061,151.5041066
Mullaloo - Kallaroo,-31.790783,115.7330152
Safety Bay - Shoalwater,-32.2865857,115.7105305
Bendigo Surrounds - South,,
Hackham - Onkaparinga Hills,-35.1471432,138.5314176
Riverwood,-33.9472222,151.0530556
Southern Highlands,-34.4706676,150.4184048
Kiama Hinterland - Gerringong,,
St Albans - South,-37.7534166,144.81281
Claremont (Tas.),-42.7911145,147.2552523
Thornlie,-32.0473367,115.9523821
Triabunna - Bicheno,-42.504035,147.9139308
Bundall,-28.0112822,153.4080912
North Ipswich - Tivoli,-27.5911329,152.764516
Doolandella,-27.6170218,152.982537
Keysborough - North,-38.0053607,145.1674069
Blaxland - Warrimoo - Lapstone,-33.7460755,150.6092697
Blackburn South,-37.8388322,145.1487848
Belmont - Bennetts Green,-27.5147784,153.1268563
Dubbo - East,-32.2538253,148.6218976
Meridan Plains - Little Mountain (North),-26.7625195,153.0861881
Macquarie,-54.6318143,158.8617576
Mackay,-21.141956,149.1865149
Newtown (Qld),-27.5649412,151.9332863
Ferntree Gully - North,-37.874643,145.29849
Maryborough Surrounds - South,,
Wavell Heights,-27.3958794,153.048943
Cobram,-35.9197782,145.6484379
Kellyville Ridge - The Ponds,-33.7025,150.9186111
The Oaks - Oakdale,-34.0780834,150.5134573
Durack,-27.591662,152.985997
Moncrieff,-35.158821,149.1163057
Oonoonba,-19.296173,146.8204599
Mount Nasura - Mount Richon - Bedfordale,-32.1378332,116.0276574
West Hoxton - Middleton Grange,-33.9316667,150.8344444
Berserker,-23.364875,150.5279477
Menai - Lucas Heights - Woronora,-34.014811,151.0164823
Lavington,-36.0507987,146.9336621
Kingston (ACT),-35.3168673,149.149832
Mount Johns,-23.7231,133.903
Broken Hill,-31.965,141.4511111
Castlemaine Surrounds,,
Bellbowrie - Moggill,-27.5625634,152.8865497
Berriedale - Chigwell,-42.8037592,147.2523618
Prestons,-33.9409247,150.8748897
Berry - Kangaroo Valley,-34.7802973,150.6966853
Boondall,-27.3501466,153.065654
Kambah,-35.3862287,149.0579669
Parkes (ACT) - North,-35.2849202,149.0982434
Young,-34.3103512,148.2971801
Moyne - West,-38.1862038,142.3722076
Warwick Farm,-33.9133304,150.9351023
Waikiki,-32.3142076,115.7557333
Whyalla,-33.0382085,137.5843572
Reservoir - North West,-34.4577509,150.4297602
Sydenham,-33.9147428,151.1661069
Bethania - Waterford,-27.697166,153.1554915
Queanbeyan,-35.3524518,149.2337634
Woy Woy - Blackwall,-33.48638,151.324883
Jindalee - Mount Ommaney,-27.5431335,152.9400842
Larrakeyah,-12.4585069,130.8216982
Bolton Point - Teralba,-33.0025,151.615
Anna Bay,-32.7779061,152.0890203
Blacktown - South,-33.7926133,150.8659373
Bundoora - East,-37.677931,145.0694906
South Yarra - South,-37.8427951,144.9955526
Cessnock Surrounds,,
Kurrajong Heights - Ebenezer,-33.5236086,150.626953
Bright - Mount Beauty,-36.7285335,146.9607724
Cambridge,-31.9355532,115.7956337
Evans Head,-29.1174093,153.4312097
Clarinda - Oakleigh South,-37.9333369,145.0993198
Ultimo,-33.8794728,151.1984346
Acton,-35.2852323,149.1129681
Glenhaven,-33.7027383,151.0008049
Branyan - Kensington,-24.9200252,152.2841095
Ashfield - Kepnock,-33.8894781,151.1274125
Townsville City - North Ward,-19.2518805,146.8137246
South Yarra - West,-37.8377695,144.9918537
East Side,-23.6921,133.899
Mawson,-35.3633679,149.0988944
Durack - Marlow Lagoon,-27.591662,152.985997
Ravenswood,-20.2182355,146.9091053
Flinders,-20.862898,144.2526073
Proserpine,-20.4018085,148.5832137
East Fremantle,-32.035363,115.7687804
Parramatta - South,-33.8471082,151.0633848
Jandakot,-32.1023906,115.8723359
Kelmscott,-32.1131779,116.0132345
Yass,-34.8418629,148.9110055
Nambucca Heads Surrounds,,
Belmont - Gumdale,-27.4949659,153.1298188
Harrington Park,-34.0247325,150.7422344
Lake Munmorah - Mannering Park,-33.2145467,151.5697213
Lakemba,-33.9196311,151.0749236
Campbell,-35.2913397,149.158176
Deloraine,-41.5250938,146.65993
O`Connor (ACT),-35.2638477,149.1226146
Ballajura,-31.8494104,115.9221151
Tullamarine,-37.704658,144.8717732
Lenah Valley - Mount Stuart,-42.8658786,147.2949586
Beenleigh,-27.7159492,153.2022293
Hoppers Crossing - South,-37.8832314,144.7010882
Lalor - East,-37.675907,145.0350787
Bayview - Elanora Heights,-33.6576847,151.2866735
Kingsgrove (South) - Bardwell Park,-33.9371844,151.0996523
Seville Grove,-32.1360525,115.9915227
Telina - Toolooa,-23.8896695,151.2542308
Macgregor (Qld),-27.5623694,153.074311
Cranebrook - Castlereagh,-33.6906652,150.6654292
Flora Hill - Spring Gully,-36.7781198,144.2984448
Pioneer Valley,-21.1553628,148.7367712
West Arnhem,-12.4602634,133.3998552
Holland Park West,-27.52633,153.0631729
Rochedale South - Priestdale,-27.6009655,153.1283725
Lemon Tree Passage - Tanilba Bay,-32.7367173,152.0005617
Higgins,-35.2324074,149.0272318
Morphett Vale - East,-35.1213224,138.5310072
Tewantin,-26.3920057,153.0391832
Westcourt - Bungalow,-16.929713,145.7532664
Gracemere,-23.4576095,150.4534905
Cooloola,-26.0221207,153.0138634
North Toowoomba - Harlaxton,-27.5439816,151.9611155
Bexley - South,-33.960297,151.116944
Harvey,-33.15052,115.9169603
Surry Hills,-33.8845123,151.2100301
Red Hill (ACT),-35.3271319,149.1265347
Macnamara,-35.2186569,148.9764412
Silverwater - Newington,-33.8291562,151.0568648
Waverley - St Leonards,-41.4361218,147.1762169
Greenfields,-32.5234919,115.7622058
Nanango,-26.6764195,151.9851744
Bundoora - North,-37.6982468,145.0596757
Millbank - Avoca,-24.8741735,152.3200959
Sale,-38.1094463,147.0656717
Boulder,-30.774675,121.4883268
Singleton,-32.602355,151.1132887
Kurunjang - Toolern Vale,-37.6626777,144.5914403
Yangebup,-32.1220078,115.8187448
Margate - Snug,-43.0611072,147.2561185
Logan Central,-27.6412988,153.1072741
Springwood,-33.7017613,150.5655467
Kuraby,-27.6047543,153.0982186
Tingalpa,-27.473625,153.1250537
Norlane,-38.0918861,144.3536879
Springwood - Winmalee,-33.6957326,150.620106
Port Douglas,-16.4845983,145.4636294
Brinsmead,-16.8998615,145.7142103
Hawthorne,-27.4623063,153.0598051
Balmoral,-27.456752,153.0687076
Parklands - Camdale,-26.59861,152.96778
Narwee - Beverly Hills,-33.9455556,151.0694444
Innisfail,-17.5241605,146.0311385
Risdon Vale,-42.8127491,147.3524634
Glenorchy,-42.8339024,147.274444
Slade Point,-21.0803655,149.2125675
Cherrybrook,-33.7367091,151.0319686
Campbellfield - Coolaroo,-37.6641298,144.959583
Palm Island,-18.702764,146.564155
Monterey - Brighton-le-Sands - Kyeemagh,-33.9720137,151.1480392
Prospect Reservoir,-33.8212205,150.896228
Kelso,-33.4186157,149.605673
Emerald - Cockatoo,-23.5263118,148.1618622
St Helens - Scamander,-27.672343,151.4763711
Kyabram,-36.3131874,145.0480905
Altona Meadows,-37.8814419,144.7845482
Sippy Downs,-26.7257935,153.0783709
Toronto - Awaba,-33.0096507,151.5817317
Wyndham Vale - South,-37.9039538,144.624969
Ayr,-19.5758597,147.4044626
Rocklea - Acacia Ridge,-27.5482033,153.0115871
Barton,-35.3072631,149.1404986
Vermont South,-37.854386,145.1878065
Carnarvon,-24.883847,113.6570703
Brighton (Qld),-27.3058983,153.0508821
Waroona,-32.8492605,115.9082511
Southern Midlands,-42.4182,147.4602329
Haberfield - Summer Hill,-33.8794325,151.1391605
Lilyfield - Rozelle,-33.8683155,151.1759836
West Ulverstone,-41.1470375,146.1599884
Banora Point,-28.2220841,153.5370661
Stanthorpe,-28.6559947,151.9338265
Elimbah,-27.0113727,152.9438
Epping - East,-37.8741722,145.046213
Kalgoorlie,-30.7464139,121.473223
Woollahra,-33.8618335,151.2733318
Dianella - North,-34.0379385,151.1235873
Osborne Park Industrial,,
Elsey,-15.1196163,133.3878042
Christie Downs,-35.1272875,138.4969434
Alexander Heights - Koondoola,-31.835083,115.8766877
Slacks Creek,-27.638501,153.1287129
Inverell,-29.4367981,151.1770693
Warnbro,-32.3265299,115.767922
Bunyip - Garfield,-38.0989509,145.7207056
Redwood Park,-34.8115495,138.7069525
Elanora,-28.126998,153.4591428
Pakenham - South West,-38.0806283,145.4863217
Greenwood - Warwick,-27.337627,151.7410835
Wamuran,-27.0392726,152.8607233
Dandenong - South,-38.0279936,145.2209236
Casino,-28.8631616,153.048155
Brighton - Pontville,-42.6771871,147.2729088
Plenty - Yarrambat,-37.6529037,145.1051147
Mill Park - North,-33.782599,151.2795585
Parkville,-37.7871148,144.9515533
Belrose,-33.730009,151.2191438
Broulee - Tomakin,-35.8483333,150.1677778
St Johns Park - Wakeley,-33.8816667,150.9011111
Kangaroo Island,-35.8182635,137.1566125
Penshurst,-33.9648292,151.0849525
Mount Morgan,-23.640206,150.4012747
Wright,-35.3192644,149.0336167
Hoxton Park - Carnes Hill - Horningsea Park,-33.9294022,150.8560164
Wallaroo,-33.9308118,137.6272608
Roleystone,-32.1123763,116.0688121
Narre Warren South - West,-38.05439,145.3028513
Yarra Valley,-37.7549851,145.522537
Nhulunbuy,-12.1804346,136.7759913
Mount Nelson - Dynnyrne,-42.924716,147.3263248
Heatley,-19.292374,146.7545179
Joondalup - Edgewater,-31.7485652,115.7866666
Ulladulla Surrounds,,
Moranbah,-22.0030414,148.0432658
Aitkenvale,-19.298758,146.7694149
Newcomb - Moolap,-38.163745,144.4037863
Darlinghurst,-33.8783381,151.219225
Geraldton,-28.77035,114.6147159
Dungog,-32.3472009,151.6262439
Quoiba - Spreyton,-41.2076394,146.347744
Watsonia,-37.7109468,145.0837808
Withers - Usher,-33.366666,115.6300131
Donnybrook - Balingup,-33.7022605,115.9973697
Deagon,-27.3278415,153.0589292
Nairne,-35.0364036,138.9095876
Buninyong,-37.6502361,143.8839811
Leongatha,-38.4761569,145.9458605
Keperra,-27.4093318,152.9588404
Yarrabah,-17.0172815,145.8746489
Korumburra,-38.4321809,145.8236012
Bridgetown - Boyup Brook,-33.8731707,116.2595734
Grange,-27.421631,153.015825
Wambo,-32.599373,150.9178859
Paddington - Moore Park,-33.8841572,151.2272766
Maroubra - North,-33.9453441,151.2456824
North Mackay,-21.121369,149.1828798
Double Bay - Darling Point,-33.8766373,151.24245
Old Beach - Otago,-42.7769541,147.2715943
Geilston Bay - Risdon,-42.8367492,147.3595087
Blayney,-33.6166368,149.1640565
Mount Hawthorn - Leederville,-31.9216585,115.8328474
Austins Ferry - Granton,-42.7736101,147.2486399
Granville,-33.8345097,151.0060111
Mount Annan,-34.0628307,150.7576322
Macquarie Fields,-33.9904477,150.8849303
Mooroopna,-36.3944882,145.360182
Avoca Beach - Copacabana,-33.465,151.4344444
Portland,-38.3456231,141.6042304
Wagga Wagga - West,-28.3354867,116.9388705
Maitland - North,-32.885919,151.7381138
Cranbourne North - West,-38.0775184,145.2989039
Narooma - Bermagui,-36.2190152,150.1317243
Perth - Evandale,-31.9558967,115.8605784
Denmark,-34.936027,117.1316106
South Hobart - Fern Tree,-42.8960515,147.3092219
Muswellbrook,-32.4881159,150.516408
Lismore,-28.8077608,153.2791883
Mount Evelyn,-37.7873186,145.3883037
Guanaba - Springbrook,-27.9377318,153.2403261
Sussex Inlet - Berrara,-35.127663,150.518613
Ardeer - Albion,-37.7840764,144.8153765
Caroline Springs,-37.7340623,144.7370017
Toukley - Norah Head,-33.2711177,151.5626815
Happy Valley,-35.0765679,138.5757472
Driver,-12.4846409,130.9737039
Point Cook - North East,-37.9064862,144.7533059
Skye - Sandhurst,-34.9244298,138.692899
Gladstone,-23.8431724,151.256132
Rockhampton City,-23.3792268,150.5102964
Calista,-32.2471289,115.8074271
Earlville - Bayview Heights,-16.9462685,145.7270251
Esperance,-33.858228,121.8931606
Diddillibah - Rosemount,-26.64833,153.02611
Numurkah,-36.0930602,145.4416699
Albany Surrounds,,
Kirwan - East,-30.5874592,117.2207548
Red Hill (Qld),-27.4541897,153.006793
Penguin - Sulphur Creek,-41.1151037,146.0724803
Newmarket,-27.4365249,153.0069328
Wangi Wangi - Rathmines,-33.035617,151.5641321
Geeveston - Dover,-43.1637889,146.9275129
Mountain Creek,-26.6998495,153.1013488
Gunnedah,-31.0237593,150.2036527
Reid,-35.2825977,149.1412207
Wentworth - Buronga,-34.171246,142.182381
Parkwood,-32.0477841,115.9149833
Glenlee - Rockyview,-23.2884375,150.4705806
South Arm,-43.0310543,147.4179397
Cornubia - Carbrook,-27.6499445,153.233101
Fig Tree Pocket,-27.5292959,152.9620949
Prospect Vale - Blackstone,-41.4739186,147.0994844
Newtown (NSW),-33.8944969,151.1774489
East Pilbara,-21.6116528,124.0614127
Craigieburn - North,-37.5748787,144.920198
South Mackay,-21.1648165,149.1776486
Sarina,-21.435808,149.1645943
Leinster - Leonora,-27.9169614,120.6992407
Banksmeadow,-33.9542459,151.2157073
Gin Gin,-24.9928306,151.9572254
Cranbrook,-34.336207,117.3432544
Mundaring,-31.883877,116.1940677
Bexley - North,-33.9425365,151.1152081
Maryborough (Vic.),-37.0459866,143.7396272
Franklin,-43.0880189,147.0110052
Light,-34.4100885,138.8321181
Chermside West,-27.3793434,153.0186899
Chullora,-33.8925,151.0477778
Bruthen - Omeo,-37.7083455,147.8535571
Narrabeen - Wheeler Heights,-33.7135699,151.2978164
Berala,-33.8753943,151.0343253
Woodend,-37.3536857,144.5341381
Budgewoi - Buff Point - Halekulani,-33.2378117,151.5646664
Ashmore,-27.9909266,153.3770522
Bonner,-35.1559621,149.1429557
Chapel Hill,-27.4994565,152.9497599
Pinjarra Hills - Pullenvale,-27.538146,152.9114761
Romaine - Havenview,-41.0854144,145.9011717
Padbury,-31.8086572,115.7728199
Page,-35.2385472,149.0499405
Cromer,-33.7385227,151.2762995
Ludmilla - The Narrows,-12.4294905,130.8569966
Gilmore,-35.4150113,149.1382782
Harrison,-35.1990601,149.1561261
Stuart Park,-12.448611,130.841667
Hackham West - Huntfield Heights,-35.1419186,138.5158128
Chapman,-35.3562094,149.0374543
Latrobe,-41.2347941,146.4100177
Orange Surrounds,,
Hawthorn - North,-37.8743814,145.0245115
Churchill - Yamanto,-27.6552091,152.748126
Kings Meadows - Punchbowl,-41.4612848,147.1640594
Kilkivan,-26.080292,152.2473652
Legana,-41.3637155,147.0450377
Derby - West Kimberley,-17.5772175,124.5639656
Ooralea - Bakers Creek,-21.1815265,149.1434876
Roebuck,-18.057996,122.6478135
Kanimbla - Mooroobool,-16.920121,145.7225399
Molendinar,-27.9745778,153.3754344
Windang - Primbee,-34.5064219,150.8755755
Hamilton (Vic.),-37.7445307,142.0259368
Rangeville,-27.584957,151.97843
Croydon South,-37.8155329,145.2780722
Murwillumbah Surrounds,,
Lismore Surrounds,,
Sandy Bay,-42.897129,147.3273528
Huonville - Franklin,-43.0292365,147.0502785
Holt,-35.2243961,149.0119295
Forrest,-30.8481034,128.1090137
Port Kembla - Warrawong,-34.486554,150.889386
Ulverstone,-41.1571818,146.1705057
Forster-Tuncurry Surrounds,,
Macksville - Scotts Head,-30.7448417,152.997419
Park Avenue,-23.3572895,150.5100001
Giralang,-35.2109388,149.0959916
West Gladstone,-23.858253,151.2481465
Weston,-35.3324882,149.0587356
Charles Darwin,-12.451163,130.8733655
Edensor Park,-33.8802849,150.8762602
Kowanyama - Pormpuraaw,-15.2749595,141.8179361
Green Valley,-33.9024601,150.8674187
Bega-Eden Hinterland,,
Yorke Peninsula - North,-34.44304,137.6987969
Currumbin Waters,-28.157286,153.4610664
Jacobs Well - Alberton,-27.7211416,153.2705616
Kadina,-33.9647842,137.7158969
Kingsgrove - North,-33.9338831,151.0976108
Macarthur,-34.0719861,150.7971899
Queanbeyan - East,-35.3455488,149.2465067
Oxley (ACT),-35.4094421,149.0786481
Balmain,-33.8583992,151.1807353
Noranda,-31.8745262,115.9177788
Churchill,-38.3125931,146.4198156
Robertson,-27.5647285,153.0576815
Lindisfarne - Rose Bay,-42.8518445,147.3624927
Randwick - North,-33.9060401,151.2533649
Riddells Creek,-37.4587733,144.6776503
Ringwood North,-37.7950927,145.2331186
Roxburgh Park - North,-37.6381563,144.9353302
Garbutt - West End,-19.2560821,146.7849976
Glendenning - Dean Park,-33.7483333,150.8511111
Collie,-33.2659305,116.1708899
Campsie - North,-33.9100255,151.1031485
Ashfield - North,-33.8868724,151.1256478
Seymour,-37.0241543,145.1362432
Beacon Hill - Narraweena,-33.7448636,151.2648919
Craigieburn - Central,-37.5930944,144.9136344
Kambalda - Coolgardie - Norseman,-31.1828657,121.6214679
Brookfield - Kenmore Hills,-27.5060139,152.9328605
Glenwood,-25.9331855,152.6366992
Yarriambiack,-36.0284095,142.3884677
Cooloongup,-32.2966958,115.7685636
Heathridge - Connolly,-31.7585,115.7606
Moruya - Tuross Head,-35.9098127,150.0820002
Mount Sheridan,-16.9873102,145.7366326
Hadspen - Carrick,-41.5053768,147.065562
George Town,-41.1050157,146.8238459
Narara,-33.3955556,151.3355556
Lyons (ACT),-35.3405584,149.0739377
Stanthorpe Surrounds,,
Gray,-12.4918456,130.9791964
Buffalo Creek,-12.3453,130.9177
Smithfield Industrial,,
Yennora Industrial,,
Heathcote - Waterfall,-34.0798618,151.0041513
Pacific Pines - Gaven,-27.9382489,153.3092643
Wakefield - Barunga West,-34.0202248,138.3626706
Gladstone Hinterland,,
Merrimac,-28.0514674,153.3739972
Helensburgh,-34.1908519,150.9822187
Pearcedale - Tooradin,-38.2035557,145.2310042
Taylors Hill,-37.7152241,144.7533127
Derrimut,-37.7987978,144.776051
Charters Towers,-20.0714089,146.2709824
Yorkeys Knob - Machans Beach,-16.823132,145.7196317
Terranora - North Tumbulgum,-28.2705901,153.4668072
Gulf,-32.84586,137.85914
Kyogle,-28.6462917,152.7444244
Noble Park North,-37.9512702,145.1908377
Duntroon,-35.297689,149.1664644
Macgregor (ACT),-35.2097738,149.0110215
Serpentine - Jarrahdale,-32.3274475,116.0466849
Norman Park,-27.480455,153.0641069
Acton - Upper Burnie,-35.2852323,149.1129681
Somerset,-27.011805,152.4471769
Tea Gardens - Hawks Nest,-32.6692379,152.168256
Victoria River,-16.0068197,131.0714359
Florey,-35.2257904,149.0501748
Beauty Point - Beaconsfield,-41.1567189,146.8204306
Port Kembla Industrial,,
Illawarra Catchment Reserve,,
Leeming,-32.0757784,115.8672721
Yarralumla,-35.3040411,149.0986347
Eastlakes,-33.9310733,151.2113667
Newman,-23.357394,119.7331631
Marrickville - South,-33.9071211,151.1716876
Karnup,-32.4163785,115.796252
Summerhill - Prospect,-41.465757,147.1257103
Bellerive - Rosny,-42.8642594,147.3697401
Ipswich - Central,-27.6754675,152.9018479
Mansfield (Qld),-27.530659,153.1022213
Lakes Creek,-23.3736985,150.5726466
Mount Barker Surrounds,,
Svensson Heights - Norville,-24.8823465,152.3404232
Coombabah,-27.9058415,153.3722586
Carlton North - Princes Hill,-37.7791754,144.9616895
Mundingburra,-19.2977765,146.786092
Kirwan - West,-30.6100285,117.0918584
Douglas,-16.3093589,145.3485275
Lysterfield,-37.9348771,145.3017588
South Townsville - Railway Estate,-19.260186,146.8305983
Roxburgh Park (South) - Somerton,-37.6381563,144.9353302
Centennial Park,-33.8977778,151.2338889
Gidgegannup,-31.7932274,116.1960296
Halls Creek,-18.2317315,127.6687281
Camira - Gailes,-27.6111308,152.9156891
Kings Park (WA),-31.962203,115.8326007
Bundoora - West,-37.680699,145.0689932
Bruny Island - Kettering,-43.1275718,147.2563778
Daisy Hill,-27.643611,153.1538113
Whitfield - Edge Hill,-16.8865277,145.7353566
West Mackay,-21.1507083,149.1630373
Garran,-35.3413973,149.1085392
Barossa - Angaston,-34.5011477,139.0474115
Windsor - Bligh Park,-33.6406535,150.8134772
Glenmore Park - Regentville,-33.7758436,150.6629574
Casey,-35.1670015,149.0947152
Blue Mountains - North,-33.6976362,150.3177145
Canberra Airport,-35.304391,149.1936903
Bendigo Surrounds - North,,
Bargo,-34.293747,150.5817842
Weetangera,-35.2501136,149.049737
Geebung,-27.3703832,153.0471643
Capel,-33.5192668,115.6064648
Brisbane Airport,-27.3876213,153.1215716
Fadden,-35.4018617,149.1176101
Holder,-35.3344827,149.0461678
Calwell,-35.4403858,149.1071069
Forde,-35.168224,149.1460688
Flagstaff Hill,-42.8299794,147.3864136
Daintree,-16.257322,145.3320899
Mount Taylor,-35.3719623,149.0755379
Coconut Grove,-12.3988881,130.8524998
Tiwi,-12.3586887,130.881468
Saratoga - Davistown,-33.4747222,151.3483333
Nicholls,-35.1871606,149.0964814
Wanguri,-12.3721897,130.8869884
Wagaman,-12.3796136,130.8868932
Bega - Tathra,-36.728188,149.987102
Parap,-12.4297422,130.8488702
Hinchinbrook,-18.6814155,146.1630403
Gordon (Vic.),-37.5812116,144.1079005
North Rocks,-33.7713052,151.020996
Regents Park,-33.8820048,151.02569
Tuggeranong,-35.4209771,149.0921341
Monash,-35.4157378,149.0906903
Isabella Plains,-35.4280072,149.0940088
Theodore,-24.946086,150.0773651
Frenchville - Mount Archer,-23.344647,150.5481721
O`Malley,-35.3513599,149.1106871
Rockhampton Surrounds - East,,
Woodroffe,-12.5005291,130.9794218
Charles,-34.8779005,138.4929992
Karama,-12.3991045,130.9155177
Malak - Marrara,-12.3981379,130.9016881
Millner,-12.3908239,130.8634702
Woronora Heights,-34.034387,151.027167
Aberfoyle Park,-35.0705635,138.6011311
Sebastopol - Redan,-37.5708861,143.8424471
Bacchus Marsh Surrounds,,
Beaufort,-37.4292674,143.3832189
Golden Plains - North,-29.3837369,147.5710838
Torrens Island,-31.3110378,152.8478035
Lilli Pilli - Port Hacking - Dolans Bay,-34.0680729,151.1159938
Moil,-12.3888649,130.8810864
Sheffield - Railton,-41.3526356,146.4139263
Turners Beach - Forth,-41.1605061,146.2429275
Fannie Bay - The Gardens,-12.4253835,130.8381413
Clear Island Waters,-28.042512,153.3974897
Chinchilla,-26.7501005,150.6228556
Ngunnawal,-35.1727896,149.1114681
Point Clare - Koolewong,-33.44,151.3261111
Lyndoch,-34.6012473,138.8882999
Tanunda,-34.5217025,138.9603091
Port Pirie,-33.1791249,138.0058614
Illawong - Alfords Point,-33.9973348,151.0429726
Loftus - Yarrawarrah,-34.0472749,151.0339984
Kin Kora - Sun Valley,-23.87837,151.2466796
Mudgee Surrounds - West,,
Devonport,-41.1797561,146.3613011
Port Sorell,-41.1651716,146.5513199
Babinda,-17.3442094,145.9234498
Eyre Peninsula,-33.54541,136.0740163
West Coast (SA),-31.7013606,129.1523228
Rookwood Cemetery,-33.8756266,151.0560922
Crace,-35.2028802,149.1074742
Hall,-35.1702288,149.0667491
Cygnet,-43.1599075,147.0759409
Forestier - Tasman,-42.91106,147.85401
Burnie - Wivenhoe,-41.0680602,145.9326499
Freshwater - Stratford,-33.7750987,151.2844815
Manunda,-16.9196785,145.7497173
Crows Nest - Rosalie,-27.2612975,152.0555164
Pittsworth,-27.7199303,151.6344713
West Hobart,-42.881714,147.3114092
Dodges Ferry - Lewisham,-42.8536012,147.6218539
Herberton,-17.3897835,145.3869435
Golden Grove,-34.7773871,138.7290659
Amaroo,-35.169587,149.1280212
Port Augusta,-32.4908819,137.7639874
Strathalbyn Surrounds,,
Grant,-37.8362123,140.5862165
Blackheath - Megalong Valley,-33.6338889,150.2847222
Kingston - Robe,-36.9250924,139.8212949
Seventeen Mile Rocks - Sinnamon Park,-27.5384744,152.9553656
Urunga,-30.4983386,153.0166289
Coonamble,-30.8652096,148.2623773
Sandgate - Shorncliffe,-27.3300731,153.0800187
Greenbank Military Camp,,
Carole Park,-27.6217453,152.9288259
Meekatharra,-26.5925631,118.4957043
Wakerley,-27.4819726,153.1617698
Shailer Park,-27.6524382,153.1727858
Otway,-25.0263507,150.0516251
Sheldon - Mount Cotton,-27.586019,153.2042467
Broadsound - Nebo,-21.1650258,149.1550848
Petermann - Simpson,-25.0764304,130.7220364
Tanami,-19.81,130.32
Yuendumu - Anmatjere,-22.2527454,131.7978253
Renmark,-34.1743516,140.7468863
Majura,-35.2751243,149.2101716
Daly,-12.7434975,131.2477169
Thamarrurr,-14.1427474,129.6796968
Tiwi Islands,-11.5521995,130.9722455
Anindilyakwa,-13.9285771,136.5531216
Singleton Surrounds,,
Collinsville,-20.557065,147.82533
East Mackay,-21.154184,149.1977231
Mackay Harbour,-21.1163955,149.212349
Ashburton (WA),-21.4566583,115.0207589
Roebourne,-20.7723709,117.145828
Sheidow Park - Trott Park,-35.0792116,138.5273915
Wangaratta Surrounds,,
Yackandandah,-36.329865,146.8516785
Alexandra,-37.192428,145.710775
Nagambie,-36.791516,145.2139895
Yallourn North - Glengarry,-38.128933,146.3794975
Alps - West,-31.8862045,116.2105858
Artarmon,-33.8084051,151.184511
Berowra - Brooklyn - Cowan,-33.6235384,151.1531676
Rockingham Lakes,-32.4440972,115.7884098
Scone,-32.0468773,150.866996
Bray Park,-27.2925612,152.9620596
Tarneit - South,-37.8325597,144.6930208
Tuncurry,-32.1755506,152.4982615
Weipa,-12.6386641,141.8710861
Carpentaria,-17.321832,141.5997982
French Island,-38.350499,145.3886686
Hughesdale,-37.8938651,145.0755107
Aspendale Gardens - Waterways,-38.0221438,145.11984
Croydon,-18.5136366,141.9670155
Renmark Surrounds,,
Davenport,-33.379246,115.688002
Hallett Cove,-35.0726467,138.5110652
Hillside,-37.6904862,144.7417358
Albury - South,-36.0890689,146.9082875
Hay,-34.1573005,144.890393
Corowa Surrounds,,
Tocumwal - Finley - Jerilderie,-35.8114914,145.5653797
Deakin,-35.3192746,149.1030764
Far Central West,,
Far South West,-32.0765936,140.9982175
Cairnlea,-37.7593157,144.7878098
Kings Park (Vic.),-37.7337122,144.7719526
Dingley Village,-37.9755762,145.1256478
Moree,-29.4617202,149.8407153
Wiley Park,-33.9229545,151.067336
Campsie - South,-33.9167703,151.1085257
Chidlow,-31.859595,116.2687417
Trafalgar (Vic.),-38.208231,146.1539711
Bathurst - South,-33.4019239,149.5645871
Lawson,-33.7196881,150.4295575
Beresfield - Hexham,-32.7989679,151.6579012
Perth Airport,-31.9415213,115.9655769
Belmont South - Blacksmiths,-33.0803217,151.6569037
Valentine - Eleebana,-33.0037089,151.6454523
Canning Vale - West,-32.0859114,115.9162667
Gayndah - Mundubbera,-25.6191167,151.4430464
Magnetic Island,-19.1421421,146.8335486
Northern Beaches,-33.6978586,151.2438809
Kingsford,-33.9215922,151.2272307
Research - North Warrandyte,-37.73392,145.2177062
Wulguru - Roseneath,-19.328235,146.8175194
Throsby,-35.1889539,149.1617493
Ainslie,-35.2621952,149.14788
Marangaroo,-31.8291339,115.8375096
Ettrema - Sassafras - Budawang,-34.8813889,150.3044444
Tumut,-35.3015747,148.2226744
Currambine - Kinross,-31.7354623,115.7456718
Endeavour Hills - North,-37.9702665,145.2563443
Endeavour Hills - South,-33.5093572,151.0209388
Healesville - Yarra Glen,-37.6583179,145.393122
Hillarys,-31.8097006,115.7487831
Kingsley,-31.8087122,115.7975502
Ocean Reef,-31.7569941,115.7380757
Hill Top - Colo Vale,-34.355574,150.4936923
Gulliver - Currajong - Vincent,-19.285695,146.7765125
Hyde Park - Pimlico,-33.8716231,151.2115097
Cambooya - Wyreema,-27.6863505,151.8574376
Warrandyte - Wonga Park,-37.7377865,145.2237227
Stanhope Gardens - Parklea,-33.7224796,150.9260144
Malmalling - Reservoir,-31.9655705,116.3577209
Sunbury - West,-37.5753943,144.712283
Annandale (Qld),-19.31014,146.784217
Wulagi,-12.3845598,130.8950847
Humpty Doo,-12.5743657,131.1018215
Virginia,-34.666952,138.560977
Bakewell,-12.4990159,130.9933354
Moulden,-12.507182,130.9725805
Palmerston - North,-40.3544727,175.6094469
Southern Downs - West,-35.142316,138.5055223
Chifley,-33.9702813,151.2394867
Curtin,-35.3246324,149.0773776
Fisher,-34.5174658,139.5042331
The Range - Allenstown,-23.3800095,150.5021145
Biloela,-24.3997711,150.5141867
Queanbeyan West - Jerrabomberra,-35.3719059,149.1928557
Chisholm,-35.4219655,149.1248452
Bonython,-35.4333083,149.078276
Shoalwater Bay,-32.28783,115.69828
Rockhampton Surrounds - North,,
Waramanga,-35.3528151,149.0622152
Stirling,-31.8902485,115.8232254
Rivett,-35.3470708,149.0379828
Duffy,-35.3345516,149.0318996
Tuggeranong - West,-35.4209771,149.0921341
Isaacs,-35.3684711,149.1130988
Hughes,-35.3326252,149.0949433
Bouldercombe,-23.53295,150.4853506
Dry Creek - South,-34.837314,138.5974123
Happy Valley Reservoir,-35.0718024,138.5719911
Lonsdale,-35.1066033,138.4924173
Willunga,-35.2711681,138.5554231
Eurobodalla Hinterland,,
Smithton,-40.8415455,145.1282245
West Coast (Tas.),-42.0802049,145.55649
Wilderness - West,-30.84389,152.07667
East Point,-12.407912,130.825538
Woolner - Bayview - Winnellie,-12.437778,130.8475
Alawa,-12.3799071,130.8746623
Anula,-12.3922305,130.8915248
Parkes (NSW),-33.1336162,148.1752254
Balonne,-28.285835,147.9436644
Inglewood - Waggamba,-28.392676,151.0733548
Mitchell,-26.4626,147.9685574
Tomerong - Wandandian - Woollamia,-35.0587865,150.5778602
Herdsman,-31.92128,115.804
Griffith Surrounds,,
Leeton,-34.5297534,146.293258
Narrandera,-34.5926463,146.7000438
Toowoomba - East,-27.5712095,151.976847
Narre Warren South - East,-38.05439,145.3028513
Narre Warren - North East,-38.0844005,145.295461
Belgrave - Selby,-37.9149787,145.3723184
Woodvale,-31.7864026,115.7936906
Robertson - Fitzroy Falls,-27.5647285,153.0576815
Castle Hill - East,-21.28029,122.23903
Castle Hill - West,-43.15099,145.87664
Sydney Airport,-33.9498935,151.1819682
Hermit Park - Rosslea,-19.283764,146.8059682
Upwey - Tecoma,-37.9023608,145.3363894
Palmerston,-17.62404,145.6654086
Gungahlin - East,-35.1887538,149.1344409
Gungahlin - West,-35.1887117,149.1340339
Kenny,-35.2154133,149.1648361
Hackett,-35.2495093,149.1635441
Black Mountain,-30.3079672,151.6571942
Canning Vale Commercial,,
Welshpool,-38.6664635,146.4362393
Junee,-34.8150257,147.672675
Temora,-34.3830356,147.468586
Neerabup National Park,-31.707983,115.7519184
Ashendon - Lesley,-32.19139,116.1792
Casino Surrounds,,
Murwillumbah,-28.3267617,153.3971541
Callala Bay - Currarong,-34.9950846,150.7178837
Culburra Beach,-34.9287373,150.7628684
Latham,-29.7567707,116.4460505
McKellar,-35.2174626,149.0770321
Kewdale Commercial,,
Monbulk - Silvan,-37.8303727,145.4250296
Macedon,-37.4214267,144.5636447
Gowanbrae,-37.7027183,144.8975976
Epping - South,-33.7739328,151.0820386
Port Botany Industrial,,
Hurstbridge,-37.639423,145.1921491
Kinglake,-37.5327424,145.341131
Moorabbin Airport,-37.9784574,145.0983553
Essendon Airport,-37.7266099,144.901318
Adelaide Hills,-34.9013511,138.8293202
Hahndorf - Echunga,-35.0288458,138.8096715
Montrose,-28.158186,151.7836073
Mount Dandenong - Olinda,-37.8480961,145.3609924
Royal Botanic Gardens Victoria,-37.8294561,144.9813155
Kingaroy Surrounds - North,,
Monto - Eidsvold,-25.3599869,151.1200292
North Burnett,-25.2446655,151.1731591
South Coogee,-33.9322056,151.2539567
Glen Forrest - Darlington,-31.9077456,116.1027118
Manjimup,-34.626374,116.2826039
Pemberton,-34.4441275,116.0346584
Yarram,-38.5616717,146.675887
Nailsworth - Broadview,-34.884366,138.6061811
Alps - East,-36.8259505,147.5220944
Tuggerah - Kangy Angy,-33.3128121,151.4187416
Oberon,-33.8455931,149.8326162
Condobolin,-33.0880805,147.1479606
Cowra,-33.8111285,148.6935649
Kaleen,-35.2277875,149.1091388
Corowa,-35.9995747,146.3906094
Deniliquin,-35.5302183,144.9597178
Deniliquin Surrounds,,
Lord Howe Island,-31.5540166,159.0856256
Gloucester,-32.0067278,151.9595082
Wingham,-31.865,152.3677778
Russell,-35.2979599,149.1502795
Aroona - Currimundi,-26.7826045,153.1159508
Delahey,-37.7198138,144.7773228
Tenterfield,-28.83843,152.2813166
Quirindi,-31.5021772,150.6804062
Lesmurdie - Bickley - Carmel,-32.0023411,116.0498493
Bibra Industrial,,
Bibra Lake,-32.0992868,115.8185072
Henderson,-32.1625849,115.7779342
West Melbourne - Industrial,-37.8083671,144.8130623
Mount Isa Surrounds,,
Northern Highlands,-33.206735,138.601781
Lake King,-33.0870239,119.6887676
Orbost,-37.7037061,148.4554712
Wilsons Promontory,-38.9567021,146.3514784
Braeside,-38.0005245,145.1229578
Chelsea Heights,-38.0395381,145.132786
Strathfield South,-33.8966667,151.0788889
The Coorong,-35.9108404,139.4449524
Waikerie,-34.1815175,139.9855992
Dardanup,-33.4166045,115.8649538
Barcaldine - Blackall,-23.8237397,145.9315174
Charleville,-26.406265,146.2420417
Burnside Heights,-37.7324225,144.7555804
Melton,-37.6835714,144.5828446
Wentworth-Balranald Region,,
Evatt,-35.211832,149.068948
Flynn (ACT),-35.2058369,149.0440634
Merbein,-34.167621,142.0581482
Moreton Island,-27.1926497,153.394318
Eatons Hill,-27.3408195,152.9384424
Petrie,-27.2647744,152.9659901
Aurukun,-13.6020675,141.7706849
Croydon - Etheridge,-18.5136366,141.9670155
Northern Peninsula,-10.9437738,142.4525373
Fraser,-35.1917124,149.0453179
Gooromon,-35.149055,149.0364382
Hawker,-31.8876169,138.4227131
O`Connor (WA),-32.0595853,115.7923713
Bulahdelah - Stroud,-32.4063488,152.2089092
Kempsey Surrounds,,
Torres Strait Islands,-10.2851069,142.2409061
York - Beverley,-31.9191794,116.8026084
Kiama Downs - Minnamurra,-34.6338779,150.8590902
Bateman,-32.055541,115.8472485
Winthrop,-32.0522147,115.8296471
Tablelands,-17.833448,145.2706678
Robinvale,-34.5840409,142.7739356
Swan Hill,-35.3390784,143.5588436
Rushworth,-36.5860102,145.01557
Ararat Surrounds,,
Nhill Region,,
Lake Burley Griffin,-35.2990951,149.0796659
Young Surrounds,,
Seaham - Woodville,-32.6615292,151.7267675
Charnwood,-35.2001777,149.0341356
Cook,-13.6808281,142.9956572
Dunlop,-35.1939974,149.0198014
Glenelg (Vic.),-38.3452545,141.6040063
Camperdown,-33.8896116,151.1800986
Dry Creek - North,-34.8324044,138.5939237
Rutherglen,-36.0538594,146.4601363
Beechworth,-36.3594929,146.687012
Mount Baw Baw Region,,
Longford - Loch Sport,-38.1209145,147.4550943
Rosedale,-38.184623,146.8266841
Terrey Hills - Duffys Forest,-33.6692046,151.1973575
Buloke,-35.844697,142.9926704
Katanning,-33.624299,117.7042806
Plantagenet,-34.625208,117.511726
Stirling Range National Park,-34.3914722,117.8986229
Cunderdin,-31.609835,117.1272556
Merredin,-31.4589545,118.2760425
Toodyay,-31.468671,116.3822088
Kalgoorlie Airport,-30.7877521,121.4556635
Trafalgar (WA),-30.811277,121.5743166
Gannawarra,-35.7169085,144.1460363
Kerang,-35.7338373,143.9204152
Eungella Hinterland,-20.923965,148.4168071
Seaforth - Calen,-33.7910792,151.2430284
Cape Conway,-20.411147,148.7773836
Murray,-32.625507,115.958117
Narrogin,-32.9341978,117.1778676
Kununurra,-15.7730916,128.738839
Port Hedland,-20.3111814,118.5801181
Gnowangerup,-34.084772,118.3207424
Kincumber - Picketts Valley,-33.465,151.3927778
Fyshwick,-35.3216575,149.1708774
Banks,-35.4718891,149.0996568
Moira,-35.9260337,144.8464092
Barmera,-34.2532589,140.4579655
Berri,-34.2854741,140.6017385
Loxton,-34.4511348,140.5696644
Murray Bridge Surrounds,,
Melba,-35.2100744,149.0541275
Scullin,-35.2345341,149.0390718
Spence,-35.1987316,149.0643556
Molonglo Corridor,,
West Belconnen,-35.2062906,149.0332335
Kowen,-35.3108704,149.3136834
Canberra East,-35.2629012,149.1695324
Jilliby - Yarramalong,-33.2782269,151.2723019
Barkly,-36.9431395,143.2189622
Tennant Creek,-19.6481652,134.1899847
Alligator,-21.3073105,149.2267965
East Arnhem,-13.099482,135.6480686
West Moonah,-42.8473299,147.2826169
Mount Wellington,-42.896007,147.2373052
Taroona - Bonnet Hill,-42.9478718,147.3503639
Irwin,-29.3402747,115.0541699
Morawa,-29.0333305,116.0267293
Northampton - Mullewa - Greenough,-28.3493875,114.632141
Moyne - East,-38.1862038,142.3722076
Thorneside,-27.483362,153.201292
Mornington - Warrane,-33.9608961,150.9575736
Derwent Park - Lutana,-42.8381535,147.3033603
Flynn (NT),-23.7119,133.839
Larapinta,-27.6408315,153.0068653
Ross,-42.0301677,147.493007
Sandover - Plenty,-21.9824,135.51
Naracoorte Surrounds,,
Wattle Range,-37.5077695,140.5283468
Ipswich - North,-27.6076143,152.7583932
Launceston,-41.4340813,147.1373496
Mowbray,-41.4082148,147.1312202
Newstead,-27.4483345,153.0461534
Norwood (Tas.),-41.4556815,147.1727959
South Launceston,-41.4523634,147.1475513
Moonah,-42.8429874,147.2970752
Coramba - Nana Glen - Bucca,-30.2208606,153.0148823
Cobar,-31.9666628,145.3045054
Walgett - Lightning Ridge,-29.427367,147.980388
Mount Warren Park,-27.7307865,153.2051975
Stafford Heights,-27.3961056,153.0110337
Brisbane Port - Lytton,-27.4371685,153.1387299
Mount Coot-tha,-27.47608,152.9495974
Karana Downs,-27.542751,152.8233423
Far West,-30.3321766,147.4174683
Auchenflower,-27.474471,152.9949176
Enoggera Reservoir,-27.430225,152.8659157
Kuranda,-16.8209275,145.6332751
Middle Park - Jamboree Heights,-27.5534017,152.9211696
Upper Yarra Valley,,
Yea,-37.2130473,145.4224688
Parafield,-34.796125,138.631086
Greenwith,-34.7651613,138.7106607
Heathcote,-36.9160908,144.7033003
Loddon,-36.4047762,143.9115536
Lawson - Hazelbrook - Linden,-33.7196881,150.4295575
Wentworth Falls,-33.72802,150.3740633
Blue Mountains - South,-33.7108302,150.299582
Riverhills,-27.5619845,152.9087907
Esk,-27.2398683,152.4220194
Lake Manchester - England Creek,-27.4372225,152.7835414
Highland Park,-28.011487,153.3249552
Trevallyn,-41.4362794,147.1160493
West Launceston,-41.4476833,147.1289875
Lamb Range,-17.04674,145.670508
Roma,-26.5710356,148.7868137
Tara,-27.248503,150.4370216
Jondaryan,-27.3839245,151.5842807
Millmerran,-27.878577,151.2542015
Grindelwald - Lanena,-41.3475708,147.0014833
Westbury,-41.5281494,146.8325214
Dilston - Lilydale,-41.331928,147.0760032
Northern Midlands,-41.8798625,147.4362844
Scottsdale - Bridport,-41.0759971,147.5755245
Central Highlands,-24.063412,148.3122553
Invermay,-37.4993675,143.8764944
Wilston,-27.4335826,153.020154
Wilderness - East,-35.0102866,140.389023
Clifton - Greenmount,-27.7841523,151.8988415
Southern Downs - East,-28.5037024,151.8111572
Millicent,-37.5949379,140.3526512
Naracoorte,-36.9575267,140.7413543
Yorke Peninsula - South,-34.44304,137.6987969
Yarramundi - Londonderry,-33.6318172,150.6679956
Erskine Park,-33.8086111,150.8013889
Western,-17.8110895,177.433046
Whyalla - North,-33.0351381,137.5712221
APY Lands,-26.9574582,133.3806322
Coober Pedy,-29.0133682,134.7536164
Quorn - Lake Gilles,-32.3469384,138.0421184
Maryborough Surrounds,,
Johnstone,-17.4898175,145.7182732
Wooroonooran,-17.362767,145.7936064
Wyoming,-33.4066667,151.3594444
Mallala,-34.4376942,138.5103239
Clare,-33.8333914,138.6120042
Gilbert Valley,-33.8345339,138.6120212
Peterborough - Mount Remarkable,-32.4852988,138.2457564
Greenfield Park - Prairiewood,-33.871534,150.890521
Cecil Hills,-33.89,150.8511111
Royal National Park,-34.1121995,151.0267269
Callemondah,-23.831621,151.2162829
South Trees,-23.889844,151.2950858
West Wyalong,-33.923661,147.2050849
Lithgow,-33.481536,150.1564887
Lithgow Surrounds,,
Wollangambe - Wollemi,-33.3602778,150.4555556
Miandetta - Don,-41.1959751,146.3551526
Derwent Valley,-42.803102,146.5440405
Central Highlands - East,-24.063412,148.3122553
Bombala,-36.9113175,149.2389375
Cooma,-36.2356785,149.1261779
Gordon (ACT),-35.4567263,149.0850656
Conder,-35.4592733,149.1043282
Pearce,-35.36217,149.0835894
Torrens,-35.37195,149.0878797
Arboretum,-33.3577292,116.1578745
Rockhampton - West,-23.3849599,150.476253
Rosebery - Bellamack,-33.9185861,151.204692
East Arm,-12.4801795,130.8991355
Jingili,-12.3882883,130.8748581
Leanyer,-12.3743634,130.8980162
Horsley Park - Kemps Creek,-33.8387723,150.8484629
Wetherill Park Industrial,,
Creswick - Clunes,-37.4133573,143.8915897
The Basin,-37.8556937,145.3214075
Malaga,-31.8606948,115.894192
Melaleuca - Lexia,-43.4200014,146.1639982
Walyunga National Park,-31.7274965,116.0649883
Acacia Gardens,-33.7324595,150.9125321
Rowville - North,-37.9239267,145.2447672
Ingham,-18.6476374,146.1603448
Ingham Surrounds,,
Belgian Gardens - Pallarenda,-19.2477265,146.7925139
Richardson,-35.4279022,149.1139473
Molonglo,-35.299828,149.0401986
Karabar,-35.3759426,149.2328718
ACT - South West,-35.4883502,149.0026942
Namadgi,-36.4558303,148.2635105
Howard Springs,-12.4969791,131.0470011
Koolpinyah,-12.359574,131.2135
Cooma Surrounds,,
Deua - Wadbilliga,-35.9247222,149.8138889
Farrer,-35.3766895,149.1050381
Wanniassa,-35.3976642,149.0908045
Molonglo - East,-35.3528789,149.2399831
Weddell,-12.6178515,131.0024317
Brinkin - Nakara,-12.3685399,130.8674776
Nightcliff,-12.3831222,130.8492011
Rapid Creek,-12.3808953,130.8623385
King Island,-39.8686056,143.9785801
North West,-37.7318353,144.9506493
Waratah,-32.9023676,151.7312067
Parkes Surrounds,,
Mudgee Surrounds - East,,
Burnie - Ulverstone Surrounds,-41.0523688,145.9064073
Flinders and Cape Barren Islands,,
Montrose - Rosetta,-42.8261014,147.2682433
Dorrigo,-30.3399677,152.7120341
Bourke - Brewarrina,-30.6524338,146.4200033
Nyngan - Warren,-31.5616444,147.2317777
Coonabarabran,-31.2728076,149.2733225
Dubbo Surrounds,,
Gilgandra,-31.6325818,148.7044489
Narromine,-32.2317016,147.9528517
Wellington,-32.5542815,148.9515327
Kalgoorlie - North,-30.7384532,121.4600854
Brookton,-32.3554555,117.0484617
Kulin,-32.766108,118.2315927
Wagin,-33.2779075,117.3788569
Esperance Surrounds,,
Kojonup,-33.925403,117.0554915
Little Grove - Elleker,-35.07629,117.8679
Dowerin,-31.1157355,117.0881015
Moora,-30.516414,116.206497
Mukinbudin,-30.6361807,118.2949197
Muswellbrook Surrounds,,
Katherine,-14.4646157,132.2635993
Hope Valley - Postans,-34.8453721,138.6960181
Kwinana Industrial,,
Scone Surrounds,,
Armidale Surrounds - North,,
Armidale Surrounds - South,,
Port Macquarie Surrounds,,
Inverell Surrounds - East,,
Inverell Surrounds - West,,
Moree Surrounds,,
Narrabri,-30.3278407,149.5571542
Narrabri Surrounds,,
Gunnedah Surrounds,,
Bathurst Surrounds,,
Cowra Surrounds,,
Forbes,-33.378772,147.9534388
Grenfell,-33.8967902,148.160764
Newcastle Port - Kooragang,-32.7632534,151.7424587
Walcha,-31.1975806,151.7491266
Glen Innes,-29.7379146,151.7356326
Tumut Surrounds,,
Cootamundra,-34.6387195,148.0240804
Gundagai,-35.0627335,148.1006777
Carabooda - Pinjar,-31.59517,115.7129
Tumbarumba,-35.7764898,148.010062
Galston - Laughtondale,-33.6467002,151.0642498
Bilpin - Colo - St Albans,-33.496492,150.5288182
Avon Valley National Park,-31.604256,116.1942571
Gelorup - Stratham,-33.425012,115.6407959
Penola,-37.3761655,140.8404168
Tatiara,-36.2243075,140.5065428
Karoonda - Lameroo,-35.0938511,139.8962521
Loxton Surrounds,,
Holsworthy Military Area,-34.0743331,150.9259499
Hume,-35.3853817,149.1658468
Outback,-20.7274568,139.49896
Roxby Downs,-30.5652584,136.8941825
Ceduna,-32.1263581,133.6742187
Kimba - Cleve - Franklin Harbour,-33.0493267,136.2121201
Le Hunte - Elliston,-25.846,129.52125
Goyder,-33.7175888,139.0369511
Jamestown,-33.2054221,138.6053401
Port Pirie Surrounds,,
Badgerys Creek,-33.8831452,150.742466
Adelaide Airport,-34.946159,138.5307956
Smythes Creek,-37.6028625,143.767163
Avoca,-37.0889278,143.473745
Clarendon,-35.1092718,138.6293077
Coromandel Valley,-35.0450223,138.6236483
Niagara Park - Lisarow,-33.3825147,151.354934
Ourimbah - Fountaindale,-33.3595346,151.3699367
Belair,-34.9993826,138.625499
One Tree Hill,-34.7186911,138.7656403
Benalla Surrounds,,
Chiltern - Indigo Valley,-36.14081,146.6583058
Myrtleford,-36.5609628,146.7236797
Towong,-36.1196387,147.9565575
Euroa,-36.773286,145.582931
Seymour Surrounds,,
Kingaroy Surrounds - South,,
Panton Hill - St Andrews,-37.6411217,145.239209
Rowville - South,-37.9239267,145.2447672
Melbourne Airport,-37.6764488,144.8365383
Dalrymple,-20.6730133,146.9720297
Wandin - Seville,-37.7906299,145.4355517
Burdekin,-19.8475855,147.2194804
Seabrook,-37.8806797,144.7578334
Longreach,-23.4378387,144.2586898
Torres,-10.3923659,142.2401977
Swan Hill Surrounds,,
Lockington - Gunbower,-36.266325,144.4973949
Rochester,-36.3642684,144.6946225
Horsham Surrounds,,
St Arnaud,-36.614998,143.255393
Stawell,-37.0586869,142.7745476
West Wimmera,-36.9682482,141.0834156
Parkes (ACT) - South,-35.2965236,149.1295736
Calga - Kulnura,-33.4316667,151.2177778
Kariong,-33.44,151.3011111
Shepparton Surrounds - East,,
Southern Grampians,-37.8720348,142.2891127
Colac Surrounds,,
Mildura Surrounds,,
Red Cliffs,-34.3070205,142.1895377
Clermont,-22.8392872,147.1550176
Walkerston - Eton,-21.1583655,149.0631482
Corangamite - North,-38.21597,143.1273689
Corangamite - South,-38.1910078,143.5144282
Munruben - Park Ridge South,-27.7462512,153.0271901
North Stradbroke Island,-27.5647329,153.4487382
New Chum,-27.6173105,152.8349947
Westlake,-27.5490515,152.9121534
Roma Surrounds,,
Goondiwindi,-28.463433,150.2886154
Miles - Wandoan,-26.7296445,150.1520205
Central Highlands - West,-24.063412,148.3122553
Rockhampton Surrounds - West,,
Banana,-24.809184,150.1037835
Gowrie (ACT),-35.4118165,149.1091063
